Emp ID,Name,DOB,SSN,State
621,James Blankenship,1974-08-03,817-50-6140,Minnesota
345,John Wright,1981-09-06,427-66-1620,Nebraska
443,Emily Johnson,1978-11-01,178-42-8247,Louisiana
184,Taylor Richardson,1994-10-31,393-65-5307,Indiana
438,Robert Montes,1981-10-15,240-75-4189,Massachusetts
472,Andrea Jones,1982-07-14,262-32-4314,North Carolina
67,Amber Garcia,1990-04-03,502-37-6454,New York
129,Danielle Thomas,1987-09-01,024-32-7806,Illinois
502,Dylan Erickson,1995-07-17,602-72-2913,Tennessee
386,James Wood,1995-01-07,700-63-4174,Missouri
480,Kaitlyn Burton,1974-12-22,120-56-1272,Hawaii
516,Kristopher Tran,1992-12-27,714-66-7512,Oklahoma
408,Rhonda Ford,1988-07-10,720-28-6841,Arizona
318,Lisa Hunter,1974-10-06,064-58-5219,South Carolina
73,Elizabeth Sweeney,1980-04-01,522-64-1296,Ohio
320,Sarah Oliver,1987-09-18,853-65-8783,Oklahoma
513,Crystal Gill,1978-02-07,794-07-0220,Georgia
562,Kelly Garcia,1985-10-06,510-34-0948,Wisconsin
486,Robert Allen,1993-07-21,290-22-0186,West Virginia
411,Kenneth White,1989-01-21,071-33-4552,Oklahoma
171,Emily Stewart,1991-01-02,799-95-4956,Illinois
298,Nicholas Mcbride,1983-02-24,290-65-1168,Maryland
413,Jeffrey Hayes,1978-07-17,134-23-9010,Oregon
177,Justin Cox,1987-12-04,507-62-2095,New Hampshire
627,Lindsey Robinson,1994-05-20,505-58-0841,Montana
167,Micheal Patel,1985-11-08,735-72-4907,Florida
638,Rodney Warren,1976-05-07,231-73-0944,Illinois
606,Krista Tucker,1994-03-03,765-73-3634,Kansas
38,John Ponce,1995-04-13,706-57-9759,Mississippi
246,Michelle Jackson,1979-08-07,489-48-1141,New York
238,Laura Briggs,1990-08-10,232-33-1890,Maine
55,David Maxwell,1987-01-24,823-22-9078,Arkansas
586,Patrick Diaz,1976-08-07,688-99-9231,Florida
360,Christina Herrera,1979-07-28,761-66-8245,Mississippi
2,Amanda Jordan,1973-07-25,546-98-3193,West Virginia
66,Molly Vasquez,1994-02-16,232-71-9614,South Dakota
243,Charles Hamilton,1982-01-14,231-69-2601,Michigan
148,Crystal Williamson,1986-03-27,857-62-9265,Wyoming
552,Thomas Clark,1986-07-24,621-49-2461,North Dakota
394,James Clark,1987-09-30,809-05-3931,Alaska
255,Brenda Burns,1978-03-12,495-18-2442,Virginia
444,Holly Brown,1978-08-19,351-08-6428,Oregon
45,Kimberly Williams,1992-01-06,652-49-5116,Washington
201,Henry Thomas,1973-05-02,346-37-3690,Pennsylvania
235,David Hunter,1979-04-23,508-21-5970,Minnesota
141,Todd Frost,1990-07-21,429-53-4290,Arizona
337,Elizabeth Rogers,1995-07-10,766-61-6979,Utah
333,Matthew Johnson,1981-08-08,892-20-1058,Kentucky
342,Amy Moreno,1981-06-25,190-24-6364,Nevada
344,Johnny Taylor,1978-01-10,682-77-7515,New Hampshire
574,Samuel Hanson,1987-07-05,282-88-9903,Alaska
432,Ariel Barron,1990-04-27,272-95-0288,Kentucky
147,Stephen Norton,1981-08-31,288-41-5929,California
336,Kelly Zamora,1976-11-05,563-44-1332,Kentucky
352,Anthony Mcfarland,1976-05-09,521-61-8025,New York
297,Katie Hunter,1984-08-01,545-32-9713,West Virginia
108,Gina Mendez,1981-07-31,095-16-2315,New York
471,Christopher Patterson,1980-10-12,729-15-5008,South Carolina
63,Christopher Navarro,1985-11-30,498-72-8210,Nebraska
8,Dustin Thompson,1994-10-19,617-06-2152,Alabama
31,Cynthia Barton,1976-05-01,600-48-2750,New Hampshire
625,Tony Roberts,1989-02-05,290-34-7279,New Jersey
262,Julie Hickman,1985-08-10,460-32-2567,California
277,Cathy Owens,1991-01-09,176-93-9368,New Mexico
86,Wyatt Lee,1992-09-16,718-35-0012,Delaware
592,Jared Bender,1994-10-18,276-75-2970,Massachusetts
77,Timothy Li,1979-03-21,419-23-9233,West Virginia
23,Amber Williams,1986-01-24,053-62-3408,Illinois
594,Vincent Scott,1975-10-19,314-85-4811,Virginia
391,Nicole Black,1980-08-10,387-37-1577,Illinois
18,Martha Braun,1973-07-12,429-94-7964,Wyoming
132,Richard Dixon,1974-12-09,143-97-8847,Kentucky
653,Christopher Cole,1976-08-03,546-65-4970,Ohio
355,David Douglas,1985-11-20,076-74-7209,Alaska
403,Andrea Moody,1993-10-09,491-36-2119,Kansas
214,Brandon Smith,1984-09-28,779-81-3699,South Dakota
275,Christopher Manning,1986-05-19,069-66-0040,Hawaii
357,Thomas Crawford,1980-05-28,758-34-4487,Florida
396,Kenneth Walker,1984-09-13,002-81-3756,Indiana
422,Margaret Ramirez,1974-05-22,322-92-6163,Arkansas
530,Zachary Olson,1987-06-12,082-96-6882,Pennsylvania
640,Carla Chavez,1977-01-25,636-89-9258,Minnesota
633,Steven Collier,1982-03-31,508-13-6799,South Carolina
442,Keith Tucker,1984-07-16,068-25-1617,Kentucky
79,Jeremy Ramirez,1978-12-11,298-85-2981,Texas
343,Dustin George,1990-10-17,728-11-3770,Georgia
388,Matthew Wright,1977-04-15,642-71-7679,Virginia
566,Darius Lopez,1981-08-20,442-71-7441,North Carolina
473,Thomas Nunez,1978-05-30,660-71-8400,Kentucky
241,Timothy Ramos,1990-05-03,720-19-4602,Alabama
467,Richard Bell,1985-07-03,614-56-8895,Tennessee
136,Hailey Peters,1979-10-04,050-42-0547,Nevada
220,Ricky Williams,1993-03-10,791-19-9786,Idaho
24,Nathan Lewis,1976-09-10,832-21-2603,Pennsylvania
538,Mariah Young,1995-07-29,214-89-3574,Idaho
13,Susan Bowman,1992-03-15,138-32-9210,Florida
313,Michelle Richardson,1978-07-01,810-62-7078,Mississippi
157,Susan Ford,1996-01-31,494-06-6283,Rhode Island
458,Steven Adams,1978-04-01,643-30-1645,Nebraska
189,Matthew Byrd,1980-12-03,886-51-4289,Rhode Island
429,Paige Hernandez,1988-12-05,218-87-2360,Arizona
83,Carl Martinez,1985-11-22,652-51-7573,Louisiana
330,Kristie Taylor,1988-03-31,539-80-8543,Rhode Island
483,Christopher Vasquez,1981-08-30,178-54-9955,Alaska
144,Anthony Diaz,1976-10-13,676-60-2788,Ohio
127,Kristina Martinez,1995-12-27,898-04-3709,North Carolina
316,Donna Harvey,1973-11-23,406-07-9178,Washington
213,Cynthia Valdez,1987-09-12,681-96-2906,Wisconsin
623,Andre Miller,1991-08-01,443-23-4696,Wyoming
488,Karen Mendez,1974-10-26,068-53-9497,Minnesota
600,Eric Garcia,1979-10-10,300-18-3508,Rhode Island
431,Jacqueline Chase,1984-03-01,894-04-8866,Ohio
266,Sarah Butler,1983-06-16,265-35-9591,Nevada
99,Amanda Leonard,1978-05-13,126-72-8219,Hawaii
326,Jeffrey Smith,1973-12-31,135-23-4178,New Mexico
52,Travis Jordan,1993-11-11,615-83-3703,Kentucky
202,Austin Morton,1973-03-12,854-92-0347,Alabama
378,Peggy Hardy,1974-06-07,451-18-6576,Missouri
60,Douglas Carroll,1988-08-20,354-50-3018,Mississippi
284,Janet Glass,1987-09-18,711-95-8749,Rhode Island
87,Philip Clayton,1984-05-10,271-87-1186,New Hampshire
526,Robert Adams,1979-06-01,105-92-6920,Minnesota
642,Robert Berry,1973-09-04,104-09-2049,Rhode Island
229,Kevin Barron,1974-03-26,659-80-7821,Maine
510,Edward Collier,1978-10-12,035-77-1345,Kentucky
92,Timothy Marshall,1991-11-04,731-91-0986,South Dakota
648,Robert Madden,1979-12-07,466-32-7476,Florida
593,Audrey Smith,1978-03-27,651-82-4525,Idaho
553,Elizabeth Mathews,1983-09-22,724-04-4597,Missouri
643,James Parks,1973-06-05,315-82-8432,Nebraska
105,Ryan Acosta,1977-01-12,362-43-9773,Texas
545,Amy Garrett,1978-01-31,250-30-4256,Alaska
531,Karen Cook,1993-04-19,856-89-5291,Texas
463,Nicholas Ramirez,1976-06-20,295-75-8851,Oregon
412,Anna Griffin,1991-07-15,306-96-2340,Florida
474,Matthew Brown,1983-08-06,508-60-8921,Mississippi
248,Alyssa White,1989-05-13,178-37-1856,South Dakota
598,Christopher Clark,1976-10-14,713-51-6006,Connecticut
547,Jonathan Williams,1984-02-29,291-89-8746,Colorado
421,Shannon Adams,1983-06-25,027-35-4625,Michigan
399,Daniel Martinez,1987-01-28,728-27-0101,Oregon
291,Aaron Castro,1994-02-16,207-16-4879,North Dakota
636,Randall Henry,1984-03-14,321-36-7440,Kansas
295,Nicolas Juarez,1994-07-02,799-67-7866,Texas
200,Richard Howard,1975-12-03,651-65-6236,South Dakota
632,Angela Burns,1973-11-30,098-41-0559,Wisconsin
265,Gregory Johnson,1979-12-02,543-80-3652,Texas
205,George Mason,1988-03-11,892-46-8503,Virginia
242,Scott Clark,1984-07-07,665-05-5101,Maryland
415,Heather Stone,1977-09-16,328-44-5738,West Virginia
499,Carla Mack,1976-05-19,865-02-9967,Virginia
400,Sarah Jordan,1986-07-06,637-40-3089,Georgia
464,Joann Ward,1982-02-21,297-49-0295,Hawaii
387,Andrea Lewis,1975-07-13,272-42-5337,Pennsylvania
323,Jason Hansen,1983-04-03,227-20-8071,Michigan
207,Darryl Mack,1980-11-06,204-61-5792,Arizona
114,Catherine Griffin,1992-03-18,693-41-3090,New Jersey
299,Olivia Davis,1991-06-29,526-66-8492,Georgia
253,Carrie Rogers,1976-09-17,872-20-7402,New Mexico
354,Chad Knight,1988-04-04,320-82-8870,North Carolina
115,Tiffany Stevens,1977-03-13,439-43-7576,New Hampshire
561,Lisa Jones,1994-07-08,014-32-8840,Louisiana
97,Christopher Brown,1975-11-03,332-93-0772,Delaware
106,Dylan Weaver,1979-05-25,161-91-4525,Illinois
16,Emily Matthews,1995-10-10,283-58-2723,Maryland
46,Kenneth Bush,1979-01-22,736-31-6522,South Carolina
102,April Rice,1980-11-24,065-44-7185,Texas
120,Debra Stevens,1985-01-27,522-28-8173,North Carolina
616,Matthew Mccarty,1973-04-22,220-12-7281,Louisiana
263,Jessica Johnson,1989-09-16,250-83-0068,New Hampshire
419,Lydia Cross,1973-12-12,324-71-9989,Arkansas
325,Jeffrey Hall,1994-06-02,445-94-8563,Wisconsin
581,Adam Porter,1991-04-01,648-26-4025,Massachusetts
517,Daniel Mckinney,1980-08-11,874-34-2678,California
78,Amy Orr,1986-03-10,838-93-5212,Utah
449,Maria Estes,1985-10-09,082-14-9210,South Carolina
398,Laura House,1989-03-17,891-31-8384,Missouri
182,Vincent Andrews,1988-01-25,380-94-0261,New Jersey
457,Erica Nunez,1987-07-05,067-84-4177,Vermont
123,Rachel Lyons,1982-05-04,321-03-9424,Delaware
448,Linda Jimenez,1986-10-15,149-85-1523,Wyoming
498,John Hernandez,1993-05-19,047-43-7049,Nevada
328,Samuel Smith,1990-04-08,251-27-6182,Kentucky
11,Kathleen Turner,1993-10-16,334-20-1449,Kentucky
348,Paul Bradford,1995-01-17,121-51-1169,Rhode Island
362,Mark Murillo,1978-10-03,721-33-7295,Tennessee
461,Erin Nelson,1975-12-30,082-52-0029,Colorado
604,Kelli Ward,1985-03-03,601-77-0592,New Hampshire
423,Jeffrey Cabrera,1980-04-17,639-01-4044,Wyoming
181,Robert Mitchell,1979-04-06,604-85-8946,Oregon
551,Jennifer Garcia,1984-08-03,271-49-9638,Wisconsin
546,Amanda Huffman,1987-04-07,161-19-8244,Minnesota
51,Virginia Gomez,1979-03-26,489-57-2769,New Hampshire
19,Danny Davis,1982-07-13,795-16-2891,Ohio
280,Erica Johnson,1978-10-07,475-09-9057,North Dakota
608,Ralph Levine,1991-08-28,349-11-1730,Maryland
631,Elizabeth Wright,1995-12-09,648-57-1250,Pennsylvania
491,Mark Stark,1976-12-09,595-86-8844,Iowa
503,Dawn Zavala,1980-06-19,441-09-9924,Kansas
521,John Washington,1985-08-15,813-81-7940,Vermont
126,David Garcia,1977-04-15,077-74-5001,New Hampshire
109,Laurie Brown,1984-03-04,749-98-0680,California
405,Elizabeth Mccall,1977-11-09,035-99-6447,Pennsylvania
567,Melissa Hunter,1989-04-28,729-55-0508,Iowa
50,Dale Smith,1979-09-04,157-66-1189,New Jersey
437,Charles Price,1976-05-24,610-37-9908,Hawaii
583,Brian Hickman,1993-10-25,441-04-5327,North Dakota
230,Joseph Garcia,1995-04-28,253-11-3664,Illinois
245,Tracey Jones,1984-01-07,375-42-8247,Oregon
292,Christopher Robinson,1981-11-23,767-66-4905,Georgia
190,Barbara Wallace,1984-06-29,335-18-7309,Hawaii
456,Michelle Salinas,1983-09-30,813-67-8355,Louisiana
154,William White,1988-01-23,289-19-0426,Oregon
118,Cynthia Oconnor,1996-01-05,153-89-4089,New Hampshire
406,Elizabeth Warner,1995-07-05,155-02-5413,Colorado
21,Andrea Carey,1974-06-28,560-61-0538,New Mexico
128,Matthew Robinson,1978-10-21,426-12-0855,Rhode Island
208,Briana Mccoy,1987-06-04,789-97-5473,Arkansas
195,Taylor Saunders,1976-04-24,842-22-0880,Massachusetts
70,Alex Reeves,1982-09-26,765-91-5028,Louisiana
440,Justin Lopez,1976-01-25,791-45-3460,Vermont
143,Hector Colon,1982-03-18,786-52-3058,Hawaii
329,Olivia Pacheco,1976-12-29,805-96-4279,South Dakota
206,Andrew Weaver,1988-07-28,143-90-5404,Hawaii
525,Patty Newman,1988-01-01,484-66-3816,Arkansas
564,Timothy Martin,1990-07-12,368-31-6276,Utah
495,Kari Garner,1994-05-18,168-09-9429,Montana
541,Paula Jones,1985-04-05,541-31-6209,Kentucky
618,Mary Montgomery,1978-07-20,378-89-1503,Oregon
478,Stephen Kelley,1979-06-22,492-87-1229,Connecticut
221,Cindy Stevens,1983-08-23,161-96-1757,Oregon
42,Aaron Armstrong,1990-06-12,086-57-3000,Indiana
401,Gary Johnson,1983-03-05,359-45-1271,Vermont
310,Emily Daniels,1980-04-24,786-01-1379,Maine
381,Suzanne Perez,1989-04-01,459-09-5540,Louisiana
509,Christopher Conrad,1978-12-13,440-01-8002,Delaware
327,Eric Blevins,1985-11-18,514-09-7907,Virginia
356,Michael Torres,1995-11-15,116-82-2755,Arizona
369,Gina Vasquez,1989-11-02,830-66-2705,Virginia
268,David Pacheco,1976-10-01,512-71-3349,West Virginia
460,Amber Rodriguez,1993-07-20,517-96-0720,Georgia
392,Jason Daniels,1986-07-17,245-75-8532,Nebraska
494,Kendra Keller,1995-12-07,507-40-1339,Illinois
294,Amy Holt,1976-09-08,783-09-5927,New York
441,April Hood,1993-02-14,030-33-7961,New Mexico
150,Mario Reyes,1986-07-28,236-86-0623,Alaska
30,Jeremy Lindsey,1973-03-06,853-11-4560,Minnesota
390,Mary Velazquez,1976-05-06,036-31-1892,Mississippi
64,Adam Kim,1992-11-08,231-42-0422,Georgia
137,Suzanne Hernandez,1988-05-19,119-39-5183,North Carolina
173,Ashley Jensen,1976-02-04,158-88-9823,Nebraska
65,Lisa King,1974-10-29,433-31-4669,Michigan
183,Michael Mata,1979-12-25,702-64-7723,Alaska
259,Eduardo Cox,1981-10-21,819-50-9688,Mississippi
489,Kelly Reid,1989-06-07,163-14-3732,Illinois
261,Sarah Smith,1981-02-07,127-05-2986,Utah
303,Samantha Beck,1993-10-06,747-97-5274,Rhode Island
518,Rachel Watkins,1981-09-03,286-07-3358,Colorado
409,Samantha Snyder,1992-02-05,027-35-4419,Montana
363,Travis Johnson,1992-10-29,210-61-5100,New York
609,Sue Cooper,1987-04-29,849-56-7144,Ohio
204,Sara Andrews,1987-04-03,646-48-6313,Michigan
12,Jennifer Henderson,1993-12-08,049-58-5500,Mississippi
485,Kevin Johnson,1991-01-05,536-42-1623,Nebraska
273,Cynthia Ballard,1976-11-10,389-82-5531,Wyoming
84,Robert Benson,1980-11-24,215-76-5347,New York
619,Diane Gonzales,1978-06-05,771-33-5256,Kentucky
260,Samuel Lawrence,1990-07-02,098-21-6336,Mississippi
475,Michelle Barrett,1973-03-20,704-41-7212,Idaho
215,Alicia Marshall,1990-04-17,519-47-2579,Minnesota
468,Paul Morris,1988-03-25,316-84-1418,Idaho
231,Stephen Guzman,1990-01-30,498-18-1832,Illinois
479,Phillip Johnson,1985-04-22,040-66-3232,Arizona
251,Erica Morris,1974-01-28,326-73-9640,South Dakota
350,Gloria Howard,1975-04-14,066-33-6970,South Carolina
424,Keith Martinez,1986-03-21,887-12-4429,Indiana
570,Benjamin Olson,1989-03-02,889-39-6381,Missouri
493,Linda Hansen,1976-07-31,875-05-5293,West Virginia
179,Erin Brown,1989-03-07,440-14-4410,Connecticut
103,James Navarro,1991-06-06,424-01-6225,Massachusetts
192,Maria Reynolds,1988-02-12,229-83-1232,Indiana
596,Daniel Jones,1988-07-26,703-45-3210,Pennsylvania
417,Charles Brooks,1981-07-12,704-72-8380,Hawaii
175,Brittany Vega,1973-08-01,746-49-6214,Ohio
29,Patricia Hall,1995-06-03,199-35-1097,Iowa
314,Brooke Bell,1976-09-01,096-30-2813,Kentucky
591,Todd Tran,1979-06-08,762-07-1484,Indiana
477,Angela Cardenas,1981-03-06,895-66-4135,Indiana
6,Michael Wilson,1982-05-29,126-68-9977,Oklahoma
418,Michael Velasquez,1992-02-27,699-56-5530,Texas
452,Jonathan Hicks,1986-05-06,775-12-9842,West Virginia
272,Joshua Powers,1977-03-28,457-54-3410,Vermont
48,Miranda Pierce,1979-07-29,052-87-5055,Montana
321,Eric Sanchez,1991-02-17,341-13-9523,Delaware
296,Vincent Murphy,1982-02-09,724-54-9724,Oregon
281,Brian Aguirre,1978-08-19,784-27-6990,South Dakota
116,Richard Beard,1978-09-10,122-51-1583,Kansas
20,Richard Young,1980-04-08,571-15-5985,Nevada
511,John Khan,1990-07-22,252-30-1653,Pennsylvania
476,Robin David,1993-12-17,470-91-7089,New Hampshire
156,Jennifer Hood,1983-06-13,160-48-2138,Washington
40,Wesley Gibson,1981-12-30,551-39-5602,Virginia
347,Carolyn Floyd,1991-02-02,631-92-9484,Washington
111,Laura Powers,1977-09-24,378-57-4421,Wyoming
575,Andrea Young,1988-11-20,287-83-8923,Kentucky
393,Jacob Chavez,1981-04-25,162-62-7866,Nevada
322,Tami Hampton,1987-03-22,376-08-0909,Wyoming
166,Kristie Castillo,1976-01-13,030-71-2919,Ohio
520,Joseph Rogers,1981-07-20,119-44-7823,Louisiana
332,Anthony Houston,1979-08-13,873-49-9936,Virginia
508,Zachary Perez,1987-04-02,109-48-3359,Missouri
434,Michelle Gregory,1980-07-19,156-29-1104,Delaware
159,Todd Rivers,1982-01-08,366-31-3548,Maryland
389,Christina Joseph,1993-01-26,656-68-4480,Florida
579,Rebecca Lewis,1979-01-22,485-62-5389,Alabama
218,Lorraine Johnson,1975-03-17,684-21-2437,Michigan
252,Adam Ball,1974-01-10,690-65-8463,Nebraska
584,Melody Matthews,1976-01-14,857-57-7546,Virginia
165,Ann Morgan,1976-05-14,629-38-6833,Louisiana
577,Richard Moore,1991-01-17,867-28-5435,New Jersey
124,Samuel Potts,1987-01-16,080-22-0122,Kansas
537,Anthony Ortiz,1981-07-20,297-95-1188,Nebraska
54,Juan Schultz,1984-01-10,213-82-9956,Minnesota
555,Brittany Yu,1975-07-30,329-08-1863,Kentucky
174,Donna Lee,1976-11-08,523-13-3254,West Virginia
560,Cynthia Hughes,1991-06-25,832-63-1235,North Carolina
35,Kevin Montoya,1976-05-18,499-46-4974,Vermont
380,Stephen Walker,1994-05-10,556-03-4862,South Carolina
80,Tyler Ortiz,1993-04-29,501-34-2288,Arkansas
455,Donna Allen,1992-06-04,693-41-6527,California
374,Jon Gilmore,1991-01-19,023-88-9098,North Carolina
588,Patrick Baker,1995-10-23,474-94-7115,Delaware
375,Samantha Washington,1994-02-09,056-67-1307,South Carolina
578,Annette Peters,1990-10-08,282-86-5762,Colorado
47,Emily Bradley,1976-08-01,865-85-0555,Vermont
100,Blake Hansen,1990-08-04,679-12-9135,Florida
186,Beth Roberts,1978-06-15,099-49-4083,Nebraska
26,Scott Riley,1975-01-26,340-06-8205,Ohio
308,Jessica Esparza,1988-07-07,278-65-7214,Missouri
376,Gary Atkinson,1993-10-17,438-78-2786,Hawaii
351,Kristen Johnson,1982-07-27,741-90-9602,Massachusetts
185,Anthony Johnson,1990-11-13,731-88-8319,Kansas
425,Ashley Warner,1995-09-15,136-94-2778,Rhode Island
168,Jennifer Parker,1980-07-09,058-97-7163,Oregon
370,Thomas Williams,1979-11-04,364-60-9323,New Mexico
119,Tammy Villarreal,1980-09-11,690-25-5685,Georgia
654,Natalie Perkins,1973-06-30,280-23-8244,Hawaii
617,Stephanie Robinson,1988-12-09,578-72-2507,Illinois
641,Lisa Lynch,1990-04-06,029-30-3379,South Carolina
445,Julia Glover,1988-04-05,683-66-7426,North Carolina
306,Jesse Brooks,1992-02-17,717-27-0404,New Jersey
365,Anna Valencia,1974-05-29,459-24-8610,Oregon
27,Nancy Richardson,1974-10-31,112-94-0633,Michigan
81,April Espinoza,1987-03-19,736-49-9240,North Dakota
258,Valerie Ellis,1982-08-02,153-07-6105,Rhode Island
602,Russell Gonzalez,1974-02-08,506-74-3766,Wisconsin
524,Michael Wong,1982-08-29,140-29-4340,Kansas
131,Ryan Mccall,1981-09-17,007-96-3879,Missouri
240,Nicole James,1983-08-13,390-59-4292,Rhode Island
44,Linda Fleming,1983-09-15,767-30-3119,Alabama
113,Jenny Gibson,1978-11-02,197-55-5116,West Virginia
576,Nicole Mills,1983-06-23,147-37-4601,Kentucky
523,Jonathan Lopez,1995-03-06,553-29-1354,Massachusetts
534,Dwayne Marshall,1984-04-24,310-30-3640,Vermont
470,Jacqueline Morgan,1981-04-05,640-36-6180,Kentucky
507,Richard Simpson,1988-08-29,090-69-9714,Ohio
164,Ashley Reeves,1980-02-10,763-66-0142,New Jersey
626,Erin Webster,1975-06-17,784-71-3891,Arizona
481,Jacob Gillespie,1987-10-28,797-08-4719,Colorado
501,Benjamin Gardner,1994-03-28,012-80-6837,New Hampshire
227,Robert Newman,1992-07-15,054-58-1677,Maine
622,Daniel Cooley,1983-06-16,055-13-3332,Maine
217,Russell Mason,1992-07-05,060-03-2198,Wisconsin
98,John Young,1983-02-25,195-16-0235,Maryland
269,Barbara Huber,1993-05-20,067-21-5604,New Mexico
145,Sierra Barrera,1982-12-24,267-25-0779,Montana
601,Timothy Johnson,1974-04-29,056-39-0012,Utah
652,Scott Jones,1982-01-31,097-95-5337,Texas
88,Tanya Salinas,1974-06-28,268-88-1849,Montana
104,Theresa Collins,1984-12-14,028-02-4224,North Dakota
304,John Harris,1976-04-30,779-50-5946,Oklahoma
435,Amanda Barker,1994-06-13,029-80-4431,Missouri
469,Michelle Pineda,1990-06-21,626-46-8597,Kentucky
414,Jose Morris,1974-10-11,247-71-8579,Kansas
450,George Richard,1990-04-13,009-22-0670,Maryland
94,Lisa Herrera,1973-09-26,819-56-8625,North Carolina
85,Andrew Jenkins,1981-02-28,139-74-8781,Wisconsin
645,Lisa Edwards,1976-03-29,667-01-3548,Wyoming
649,Samuel Payne,1979-11-14,435-84-1037,Utah
210,Vincent Davis,1993-07-05,381-25-7055,Michigan
233,Tina Black,1977-06-14,744-14-0148,Connecticut
264,Kaylee Horton,1991-12-22,861-60-6998,Delaware
639,Steven Sherman,1994-10-26,317-42-5124,Ohio
232,Nancy Sherman,1973-05-28,885-33-8494,Kansas
397,Matthew Fuentes,1991-02-14,518-50-2019,Massachusetts
311,Candice Edwards,1986-11-06,594-82-8320,Georgia
353,Lisa Cuevas,1977-07-10,093-74-8450,North Carolina
236,Kathryn Wilson,1976-10-18,520-02-2007,Arkansas
107,Phillip Hendrix,1976-08-01,165-68-6652,Missouri
93,Rita Preston,1992-10-09,754-17-9476,Nebraska
285,Denise Sanchez,1988-01-06,768-38-5787,Vermont
395,David Miller,1991-02-08,546-08-7903,Colorado
466,Ernest Andersen,1994-07-26,288-25-1379,Maine
384,Jenna Sherman,1992-07-07,833-14-1993,Nevada
571,Scott Brown,1994-04-29,072-15-4845,Montana
550,James Gonzalez,1977-07-30,798-30-2786,Texas
436,Melinda Kane,1990-10-22,018-86-9785,Missouri
89,Julie Morales,1994-04-05,351-02-7488,Idaho
590,Eileen Gordon,1984-05-09,464-14-5114,North Dakota
573,Alyssa Thornton,1976-04-21,652-15-1585,North Carolina
650,Robin Cannon,1990-10-18,678-37-9335,Utah
10,Katherine Fleming,1978-01-24,288-87-7872,Michigan
278,Megan Salinas,1993-04-23,201-69-7731,Kentucky
646,Jeffrey Simpson,1992-12-06,642-34-5146,Pennsylvania
301,Jeffrey Hall,1988-09-28,783-14-5374,New Hampshire
367,Todd Hughes,1974-09-05,805-10-0046,Kentucky
194,Rachel Dodson,1979-09-30,036-47-8037,Idaho
451,Tiffany Smith,1980-10-10,603-54-4269,Oregon
163,Tracy Gonzalez,1981-10-23,085-06-9905,Illinois
76,Cameron Obrien,1995-06-27,638-90-8830,Wisconsin
211,Tony Conner,1993-01-28,656-66-3863,Texas
293,Scott Giles,1990-07-03,569-98-0498,Tennessee
340,Timothy Long,1973-07-05,272-09-4106,Indiana
216,Kenneth Thompson,1983-08-06,764-52-7992,Oklahoma
620,Brian Jackson,1992-10-06,603-46-3868,Pennsylvania
28,Kyle Zhang,1986-10-30,329-51-9420,Pennsylvania
170,Joseph Evans,1976-03-21,720-91-2470,Idaho
447,Christopher Hawkins,1995-05-12,038-54-9289,Nevada
505,Kristen Boone,1991-08-08,643-56-9563,Nebraska
382,Patricia Stewart,1983-10-07,160-42-3130,Wisconsin
536,Karina Rogers,1976-08-07,874-01-0108,Tennessee
585,Steven Keller,1985-04-19,340-11-1613,Texas
349,Andrew Cross,1989-12-15,396-21-2807,Oregon
75,Nicholas Hill,1985-03-22,175-82-3593,Maryland
644,Brandon Galloway,1992-11-09,044-83-4305,Florida
153,Amanda Manning,1974-01-29,729-81-7564,Maryland
302,Penny Hines,1976-03-10,136-67-4971,South Dakota
527,Kent Smith,1981-05-22,196-04-3089,Pennsylvania
454,Sarah Ortega,1991-01-03,242-65-3226,California
433,Jonathan Ball,1995-09-20,692-01-5738,Texas
7,Mary Gomez,1983-09-23,729-94-6347,Michigan
465,Darren Martin,1979-04-09,667-32-7851,New Hampshire
324,Tiffany Moore,1994-07-28,450-42-4470,Michigan
41,Edwin Rodriguez,1994-05-02,628-50-7891,Kentucky
219,Michael White,1978-12-10,207-53-7808,Rhode Island
256,Kirsten Myers,1978-10-03,678-80-9370,Illinois
568,Denise Ashley,1982-04-28,487-17-3496,Maryland
53,Colin Baker,1995-11-07,759-77-7262,Delaware
152,John James,1980-11-18,207-82-1366,Iowa
420,Scott Gomez,1979-10-16,114-28-0696,Florida
17,Daniel Mcpherson,1983-12-07,680-63-1278,Florida
239,Christopher Greene,1995-02-22,192-24-2707,Arkansas
138,Michael Peterson,1977-04-13,068-81-4791,New Jersey
267,Nicole Mason,1985-06-08,018-73-1831,South Dakota
279,Bobby Castillo,1995-03-01,345-34-2861,New Hampshire
359,David Perez,1993-08-17,067-78-2537,West Virginia
5,David Perez,1987-12-10,232-37-1080,Colorado
462,Lisa Ware,1978-08-03,557-16-1016,New York
139,Jeffrey Snyder,1978-09-02,004-35-8206,North Carolina
439,Levi Brown,1973-05-20,395-16-7569,New Jersey
341,Angela Oneal,1981-02-27,352-03-6674,Alabama
379,Lisa Lin,1994-11-23,753-16-5862,Georgia
56,Tamara Santiago,1979-02-19,047-85-3197,West Virginia
14,Sarah Solis,1995-09-23,238-55-8001,Illinois
300,Richard Turner,1977-03-19,806-92-3484,Texas
178,Angel Mckee,1981-11-10,757-49-8710,Illinois
223,Suzanne Holt,1987-01-11,494-29-9176,New Mexico
222,Cathy Gonzalez,1975-08-14,370-77-4997,Utah
90,Mario Schwartz,1975-08-11,320-58-8542,Michigan
607,Teresa Tran,1994-08-13,831-50-1690,Delaware
512,Justin Fry,1995-10-27,577-20-7487,Wisconsin
612,David Goodwin,1995-01-23,496-51-5040,Maine
364,Shirley Rose,1986-06-25,684-57-4896,Connecticut
158,Andrea Mcdaniel,1986-02-22,876-51-6741,Rhode Island
587,Tanya Parsons,1975-04-14,353-63-9297,Iowa
224,Robin Daniels,1988-09-30,260-92-9807,Missouri
628,Megan Lee,1978-11-13,344-43-2608,Maine
32,Matthew Scott,1983-10-08,872-23-1670,Washington
149,Michael Mccarthy,1973-12-07,655-92-2599,Delaware
528,Richard Luna,1981-11-05,079-71-5535,Florida
582,Joseph Stafford,1992-12-10,151-14-1426,Massachusetts
319,Laura Guerrero,1992-05-03,270-69-1367,Oklahoma
198,Timothy Herman,1974-06-17,338-59-3195,New Hampshire
95,Miguel Young,1981-05-14,842-75-9792,West Virginia
249,Tina Alexander,1983-09-09,176-33-8512,Idaho
57,Carlos Burton,1975-07-23,283-45-4834,New Mexico
559,Christopher Ortiz,1988-06-08,523-38-8634,Virginia
133,Michael Daugherty,1977-10-04,343-68-5680,Montana
203,Joseph Patel,1976-06-08,488-23-5126,Wisconsin
651,Jose Cabrera,1987-09-24,437-62-3119,Utah
151,James Barker,1989-06-15,521-92-7646,Idaho
402,Stephanie Russell,1991-09-25,010-57-6524,Idaho
254,Becky Jackson,1994-01-22,526-76-6252,Rhode Island
404,Julia Tucker,1987-04-04,363-69-3936,North Dakota
121,Daniel Bond,1986-11-06,378-27-5828,Georgia
611,James Cabrera,1992-04-09,457-17-8430,South Carolina
196,John Arnold,1985-05-20,371-18-9362,Rhode Island
426,Chloe Watkins,1981-10-04,482-08-6443,Nevada
614,Nicholas Roberson,1989-11-02,423-76-1523,Oregon
565,Richard Lewis,1990-06-18,855-84-8560,California
548,William Bailey,1975-01-10,012-98-8728,Alabama
162,Robert Austin,1977-08-22,650-41-2107,Massachusetts
500,Sarah Bennett,1978-08-12,376-20-1595,Wisconsin
312,Jessica Greer,1993-03-07,492-24-0640,Maryland
490,Shane Le,1986-05-12,164-60-7748,Connecticut
492,Andrea Osborne,1994-06-01,393-23-3668,Kentucky
69,Kristopher Carter,1994-01-28,468-77-9599,Pennsylvania
519,Amanda Rivers,1989-12-01,156-81-5003,Montana
39,Robert Foley,1991-08-28,174-66-5267,Arizona
37,Wendy Pugh,1982-12-18,643-69-0168,Louisiana
558,Nicholas Mccormick,1981-08-05,150-76-3975,Connecticut
635,Brandon Brown,1978-07-04,402-66-5960,Oregon
484,Madison Sanchez,1984-10-16,829-82-5705,Illinois
3,Timothy Garcia,1991-04-02,705-18-2980,Idaho
250,Jessica Massey,1977-05-07,150-30-2722,Oregon
603,Maria Wang,1979-05-25,038-92-2465,Idaho
244,Emily Lopez,1979-11-04,392-27-5059,Montana
193,Mckenzie Thompson,1979-03-04,364-34-7669,South Carolina
428,Paul Long,1990-06-19,122-47-2056,Michigan
270,Christopher Garcia,1994-04-06,657-67-4425,New York
346,Valerie Smith,1992-08-22,145-97-8806,Ohio
307,Daniel Escobar,1978-01-14,104-62-9838,South Carolina
228,John Leonard,1977-08-24,129-67-2590,Nevada
15,Paul Myers,1984-11-19,166-59-7619,Wyoming
197,Kenneth Moore,1980-04-10,843-87-3346,Connecticut
43,Kelsey Gray,1976-12-26,078-13-6391,New York
101,Destiny Le,1976-03-17,093-29-6451,Florida
33,Steve Todd,1989-01-29,822-15-9250,Indiana
117,Ryan Griffin,1989-07-30,345-87-3091,Alabama
543,Joseph Wright,1995-07-07,076-28-8214,Mississippi
377,Nicholas Cervantes,1982-12-01,187-98-4635,Montana
110,Jennifer Johnston,1983-04-25,764-97-0928,Minnesota
315,Isaiah Horton,1992-04-04,777-23-2343,Arizona
161,John Scott,1991-01-05,215-92-5661,Mississippi
74,Charles Deleon,1995-09-10,358-92-7680,Alabama
533,Briana Kent,1979-02-02,002-36-3256,South Dakota
358,Tanya Carroll,1987-07-01,139-13-6824,Ohio
142,Maurice Rivera,1983-11-04,673-61-1932,Virginia
599,Christopher Harper,1981-09-19,391-89-5369,Kansas
257,Richard Mitchell,1977-01-09,393-64-4006,South Dakota
72,Maria Melendez,1988-01-18,155-91-9426,Connecticut
305,Holly Hernandez,1983-09-10,717-16-2553,Massachusetts
112,James Williams,1978-12-11,492-42-7891,Michigan
506,Mary Sherman,1984-01-10,120-91-6804,Washington
539,Samantha Velasquez,1976-08-11,193-30-0620,New York
276,Matthew Robinson,1990-12-19,287-26-3455,Georgia
209,Jose Walker,1980-05-17,896-97-0150,Washington
25,Amber Flores,1983-02-15,119-20-7294,Oregon
338,Brandi Morris,1978-09-18,475-65-7710,Hawaii
34,Gary Wong,1977-10-14,362-20-0257,North Dakota
563,Erica Ramos,1992-11-27,526-41-2774,Nebraska
497,Haley Lewis,1995-04-05,304-29-8377,Missouri
589,Richard Webb,1973-06-21,352-57-5748,South Carolina
372,Dennis Watts,1977-01-18,281-54-4589,Michigan
624,Douglas Davis,1987-01-30,036-47-6476,North Dakota
287,Peter Jones,1993-10-13,473-35-2557,Michigan
487,James Simpson,1976-01-02,601-01-3083,Hawaii
59,Megan Johnson,1992-03-14,132-75-5581,Arizona
187,Renee Hansen,1978-07-03,817-14-8415,California
68,Julia Stanton,1982-08-21,407-30-1383,Alaska
172,Jenny Wise,1982-12-30,859-21-2991,Washington
334,Angela Garza,1987-01-04,448-10-6398,Hawaii
62,Kelly Brown,1989-06-29,024-46-3530,Pennsylvania
58,Randy Singleton,1995-07-25,152-06-1182,Wisconsin
96,Autumn Ayers,1978-08-19,749-81-7230,California
225,Mallory Lee,1981-09-30,233-47-0450,Colorado
610,Emily Harrison,1983-12-02,290-54-2173,Nebraska
605,Mitchell Higgins,1984-06-26,070-80-6680,Iowa
637,Rebekah Middleton,1990-03-23,618-23-6839,Maryland
71,Alexander Wright,1994-03-07,011-48-0669,Hawaii
504,Joshua Mercado,1988-09-04,404-12-1398,Michigan
554,Michelle Wright,1991-03-30,789-99-8420,Ohio
453,Todd Berry,1990-01-15,238-34-0987,Rhode Island
634,Ellen Wright,1994-04-18,195-76-7226,Vermont
188,Andrew Nelson,1985-04-08,128-25-6951,Indiana
130,Janet Richardson,1989-05-27,066-43-8865,California
410,Timothy Garcia,1988-04-20,542-94-1434,North Carolina
430,Lisa Howell,1986-05-07,091-93-9720,Delaware
282,Douglas Morgan,1973-07-27,136-16-2952,Missouri
135,Wayne Hamilton,1988-04-17,428-16-4075,Florida
580,Frank Arnold,1976-06-29,785-61-4108,Oregon
529,Jonathan Kent,1980-04-22,134-34-5081,Wyoming
140,Heather Oliver,1978-04-19,869-95-4941,Florida
556,Joshua Boyd,1983-01-26,697-48-9182,Massachusetts
549,Debra Davis,1974-01-11,272-60-1182,North Carolina
613,Michael Chang,1979-10-02,645-62-5793,Wisconsin
366,Haley Miller,1977-07-09,667-47-4288,Florida
371,Julie Leon,1980-10-02,253-48-3975,South Dakota
540,Chad Young,1995-04-25,551-76-0908,Massachusetts
544,Tyler Robles,1984-08-30,006-05-1159,Wisconsin
290,Angela Walker,1976-05-22,874-77-5354,Vermont
82,Daniel Pierce,1982-06-24,606-81-6344,South Carolina
385,Amy Cox,1977-02-13,698-33-9584,Tennessee
335,Michael Byrd,1976-10-19,882-93-3969,Maine
569,William Floyd,1991-03-20,512-28-3863,South Dakota
331,Christina Williams,1973-05-01,779-84-3089,Vermont
271,Heather Phillips,1978-02-15,310-22-2472,South Dakota
597,Edward May,1983-12-03,769-74-1390,Nevada
368,Michael Smith,1993-05-16,403-91-7051,New York
4,Stacy Cantrell,1975-12-05,001-23-8851,Vermont
407,John Norris,1983-09-18,509-15-5612,Illinois
289,Timothy Hanson,1974-06-27,426-51-0582,New Mexico
22,Melissa Lara,1983-06-21,514-46-3966,Kentucky
515,Amber Orr,1984-12-16,727-41-8995,South Carolina
339,Regina Guerrero,1973-08-17,594-98-0190,Arizona
373,Barbara Stephens,1976-03-22,266-78-7363,Missouri
532,Glenn Bonilla,1975-07-29,855-13-2601,Kansas
125,Joshua Howard,1973-10-09,741-74-1412,Oregon
317,Gina Chavez,1988-08-27,017-48-8615,Oklahoma
522,Laura Martinez,1974-04-01,133-98-0246,Hawaii
383,Arthur Jones,1994-11-01,282-50-7137,West Virginia
361,Maria Green,1986-09-21,507-21-7528,Wisconsin
630,Christopher Jackson,1984-10-20,102-02-3581,Minnesota
226,Cassie Wood,1988-10-06,541-24-9393,Ohio
234,Meredith Rivera,1977-02-14,819-98-8511,Minnesota
61,James Gonzalez,1981-05-09,437-21-6912,Maryland
155,Michael Smith,1976-03-24,452-17-7791,Alaska
542,Monica Smith,1982-12-31,212-84-2038,Alabama
146,Rebecca Gonzalez,1976-10-19,039-91-2642,Arkansas
191,Eddie Perez,1979-01-19,315-63-8015,Delaware
274,Taylor White,1993-02-02,839-82-9861,Arkansas
535,Bradley Pruitt,1987-06-08,858-31-3691,Vermont
482,Jodi Lee,1988-12-10,563-14-4661,Washington
49,Tonya Lowery,1983-10-06,679-64-4101,Idaho
1,Robert Thompson,1974-10-11,744-59-0990,Wyoming
557,Danielle Neal,1982-10-13,628-68-0937,Georgia
496,Christina Gray,1977-11-10,537-24-5738,New Mexico
416,Kyle Brooks,1976-01-28,739-36-2897,New York
247,Tanya Ramirez,1980-08-31,492-11-7226,Georgia
199,Charles Howard,1983-02-19,224-25-1151,Massachusetts
647,Elizabeth Stevens,1985-07-23,519-17-4152,Wisconsin
572,Matthew Smith,1989-11-30,398-29-7506,Arkansas
180,Darryl Hernandez,1988-04-06,319-72-6629,New Mexico
212,Darren Davis,1986-10-09,440-58-1330,North Dakota
427,Michael Baird,1974-02-10,675-70-4310,Mississippi
283,Paul Gonzalez,1979-08-12,584-95-6986,North Dakota
514,James Vasquez,1989-07-16,353-38-8763,Rhode Island
595,Thomas Braun,1995-03-29,862-31-6566,New York
459,Joseph Brown,1976-07-20,528-66-2732,Kansas
629,Luis Molina,1978-04-24,259-30-1239,Minnesota
288,Madison Walker,1985-07-19,774-74-4633,Hawaii
134,Robyn Barnett,1992-11-14,270-55-8095,Indiana
237,John Calhoun,1983-12-24,580-17-2975,California
36,Tammy Ramos,1975-01-31,551-27-6313,Maryland
309,Brandon Mack,1979-06-09,257-38-1260,Arizona
286,Mary Fuller,1977-09-27,717-49-3335,North Carolina
122,Leah Boyd,1984-12-14,732-48-5768,Florida
9,Samantha Ellis,1987-09-27,783-34-6847,Iowa
160,Jane Floyd,1976-08-17,857-08-8781,Minnesota
91,Sherry Parker,1988-11-08,670-65-4776,Oregon
