DOB,Emp ID,First Name,Last Name,SSN,State
24/02/1991,232,John,Mathews,***-**-9165,ND
19/11/1978,533,Nathan,Moore,***-**-7469,ME
08/01/1990,256,Amanda,Douglas,***-**-6961,ID
11/08/1976,189,Heather,Andrews,***-**-1797,VT
22/07/1976,284,Daniel,Hernandez,***-**-7473,CO
31/01/1978,512,Danny,Pena,***-**-9878,MN
08/03/1994,126,Gary,Knight,***-**-1242,AR
14/10/1972,556,Robin,Carroll,***-**-7194,CA
08/02/1984,595,Michelle,Dickerson,***-**-2817,TN
05/08/1972,191,Kimberly,Gallegos,***-**-7563,OR
30/01/1986,55,Morgan,Parker,***-**-4320,TN
28/01/1977,623,Mason,Rhodes,***-**-4767,MD
18/02/1973,426,Amy,Griffin,***-**-1946,MA
16/04/1975,535,Danielle,House,***-**-9308,ME
28/11/1992,399,Charles,Greene,***-**-2935,KY
05/04/1979,33,Nicholas,Martinez,***-**-1689,LA
12/01/1988,302,Tracey,Meadows,***-**-6175,RI
14/03/1991,325,Renee,Evans,***-**-2708,MT
29/03/1984,188,Joseph,Estrada,***-**-2571,PA
20/10/1987,184,Jeremy,Warner,***-**-1184,AL
09/02/1983,526,Anthony,Rodriguez,***-**-3865,ID
02/01/1978,85,Kristen,Lopez,***-**-8194,VA
27/06/1984,171,Mark,Mcdonald,***-**-0101,MT
01/01/1984,74,Robert,Freeman,***-**-5211,AR
30/10/1994,69,Michael,Reynolds,***-**-8507,CA
10/07/1974,365,Kristine,Little,***-**-1771,SD
15/02/1983,149,April,Barnes,***-**-3288,RI
19/02/1989,218,Pamela,Hodges,***-**-1423,UT
26/05/1974,647,Ronald,Gilbert,***-**-4448,WY
17/08/1972,518,Thomas,Cooper,***-**-9890,CO
24/08/1972,12,Dakota,Harrington,***-**-7188,VA
20/01/1991,622,Jennifer,Porter,***-**-5572,WI
15/08/1986,159,Beverly,Jordan,***-**-3762,NM
02/04/1975,394,Mark,Brown,***-**-8531,CA
05/06/1974,158,Amy,Ford,***-**-6461,NC
07/05/1973,446,Benjamin,King,***-**-8165,RI
15/05/1991,352,Stephen,Bryant,***-**-6488,SD
15/10/1989,598,Brandi,Williams,***-**-8500,MD
26/04/1994,505,Ashley,Hutchinson,***-**-1510,SC
13/01/1982,173,Alisha,Pacheco,***-**-2496,MI
27/02/1973,84,Robert,Campbell,***-**-9581,SD
06/10/1980,406,Sandra,Sanders,***-**-1673,RI
29/05/1991,164,Katherine,Hensley,***-**-7226,CT
08/11/1976,267,Stacy,Cox,***-**-0990,AL
10/06/1993,503,Frank,Barton,***-**-5568,MA
04/05/1980,295,Shannon,Kramer,***-**-7615,SC
31/12/1977,590,Brenda,James,***-**-3251,HI
10/08/1988,97,Paula,Edwards,***-**-0638,KS
16/09/1980,3,Jennifer,Rowe,***-**-9014,NY
09/01/1990,20,David,Foster,***-**-6956,MO
30/01/1988,179,William,Boyle,***-**-0490,AR
29/05/1972,86,Christopher,Greene,***-**-8446,ID
27/04/1980,219,Matthew,Fuller,***-**-2989,MS
17/12/1981,237,Gabriela,Nguyen,***-**-3729,WA
25/03/1994,96,Allison,Diaz,***-**-8927,AR
06/05/1986,22,Isaac,Jordan,***-**-0520,TX
31/10/1991,439,Cheryl,Bailey,***-**-1224,NC
16/02/1988,146,Julie,Castillo,***-**-4523,AK
10/12/1986,271,Michael,Adams,***-**-3927,FL
07/02/1986,103,Melinda,Parsons,***-**-8751,NE
17/01/1987,540,Robert,Campbell,***-**-3694,DE
08/08/1994,144,Julie,Nelson,***-**-1332,SD
14/04/1989,594,Steven,Nelson,***-**-2085,VT
25/03/1973,176,Hailey,Lynn,***-**-9488,CA
26/05/1978,198,Dillon,Nguyen,***-**-4552,IL
18/10/1973,433,Hannah,Miller,***-**-4657,NY
25/05/1994,274,Jeffrey,Harris,***-**-4763,KY
08/08/1982,6,Daniel,Welch,***-**-6950,IL
08/09/1982,452,Bryan,Jackson,***-**-8117,MD
07/09/1990,23,Denise,George,***-**-4879,WI
10/09/1989,373,Alicia,Carney,***-**-9437,OH
20/03/1986,374,William,Peters,***-**-7516,KY
17/09/1993,200,Dustin,Drake,***-**-5454,WV
03/01/1983,428,Jessica,Thornton,***-**-2381,KS
08/06/1980,116,Rebecca,Wilson,***-**-6629,MI
01/11/1986,418,Katherine,Lane,***-**-6820,NH
27/07/1993,9,Sarah,Harper,***-**-5891,AK
11/09/1988,230,Jermaine,Hill,***-**-5479,NJ
05/04/1990,502,Michael,Marshall,***-**-5125,MI
10/09/1973,632,Kirsten,Mcbride,***-**-2372,IA
30/07/1973,112,Rachael,Holmes,***-**-2067,GA
19/09/1975,422,Leon,Foster,***-**-3153,SC
02/08/1976,131,David,Mcclain,***-**-5430,OH
24/11/1991,404,Emily,Lawrence,***-**-1991,TN
27/12/1990,504,Troy,Booth,***-**-5141,TN
25/04/1983,194,Stephanie,Ho,***-**-3656,KS
10/03/1990,567,Michele,Hendricks,***-**-7341,MS
12/11/1986,253,Eric,Harper,***-**-2860,NV
05/06/1993,407,Jonathan,Gomez,***-**-4727,SD
25/11/1977,82,Kevin,Garcia,***-**-4722,NV
13/04/1984,429,Howard,Lawson,***-**-7664,MI
24/09/1974,78,Stacy,Robertson,***-**-0248,WY
27/07/1985,167,John,Beck,***-**-3635,AR
18/03/1976,484,Julia,Morgan,***-**-1731,WI
06/04/1975,60,Allen,Leon,***-**-9089,MI
04/03/1978,400,James,Rios,***-**-3987,ID
19/10/1988,34,Ralph,Wells,***-**-4237,KS
08/10/1991,596,Megan,Chavez,***-**-7659,CT
07/06/1974,279,Ashley,Patrick,***-**-0763,WY
07/11/1993,466,Bonnie,Bowen,***-**-5889,ID
05/04/1982,327,Andrew,Lawson,***-**-7313,MT
17/04/1984,382,Tonya,Chavez,***-**-5703,MT
20/03/1980,369,Michelle,Larson,***-**-3866,FL
18/09/1985,347,Mark,Garrett,***-**-4408,WY
21/06/1987,25,Chelsea,Rivera,***-**-0140,NH
06/11/1977,317,Amanda,Krause,***-**-4744,IL
02/09/1991,321,Paige,Spencer,***-**-8621,NY
07/06/1976,193,Rhonda,Gonzales,***-**-4110,ID
30/06/1979,606,Jasmine,Kelly,***-**-3251,MN
04/08/1973,123,Amy,Sherman,***-**-6029,NJ
16/04/1975,566,David,Arroyo,***-**-9403,FL
12/11/1975,409,Robert,Lin,***-**-0121,AZ
19/06/1993,265,Paul,Wilson,***-**-9871,IA
13/03/1989,490,Paul,Meyers,***-**-1680,HI
04/06/1978,311,Jessica,Elliott,***-**-1632,OH
05/10/1989,537,Anthony,Richmond,***-**-8935,AR
08/03/1975,147,William,Rivera,***-**-7032,SD
13/02/1985,304,Sheri,Villegas,***-**-8629,OR
08/10/1984,472,Kelly,Hopkins,***-**-6875,HI
24/05/1991,348,Darren,Farrell,***-**-5885,CA
05/05/1980,91,Darlene,Harmon,***-**-3052,WV
29/08/1972,410,Rachel,Lyons,***-**-0900,ME
28/02/1982,344,David,Jacobs,***-**-3682,FL
15/10/1972,419,Christina,Weeks,***-**-2028,PA
12/11/1984,1,Andrea,Anderson,***-**-5650,CT
31/01/1989,532,Jennifer,Smith,***-**-1748,GA
07/12/1981,107,Shirley,Andrews,***-**-5306,OH
13/02/1973,166,Adrian,Rivera,***-**-5638,MA
04/02/1984,391,George,Mckinney,***-**-7748,UT
17/11/1980,67,Hailey,Boyd,***-**-0270,NY
12/01/1983,447,Tiffany,Harris,***-**-9733,WV
01/11/1977,653,Mary,Hunter,***-**-6623,TX
07/04/1980,294,Robert,Edwards,***-**-5215,GA
07/09/1979,416,Barbara,Lambert,***-**-5353,ID
22/03/1990,185,Angela,Armstrong,***-**-2446,NY
27/09/1979,637,Brett,Ward,***-**-0204,MN
15/11/1990,333,Troy,Sanchez,***-**-2052,OK
26/09/1988,579,Garrett,Carter,***-**-7246,CA
31/01/1988,215,James,Reeves,***-**-1620,IN
08/07/1979,152,Mary,Baker,***-**-0954,MI
13/06/1980,301,Alexandra,Bradley,***-**-9390,AL
25/03/1974,572,Aaron,James,***-**-4596,OR
21/08/1979,165,Thomas,Wood,***-**-8269,TN
28/10/1989,639,Charlene,Jackson,***-**-8809,WY
01/12/1975,405,Mary,Robbins,***-**-9514,FL
08/10/1985,390,Kayla,Washington,***-**-6218,CT
23/11/1992,641,Kimberly,Knapp,***-**-1122,CO
18/09/1988,51,Nicholas,Brown,***-**-2869,SC
06/05/1974,421,Rebecca,Marshall,***-**-1020,PA
07/07/1979,106,Mark,Smith,***-**-5381,ND
18/10/1981,379,Adam,Harrell,***-**-0742,WV
14/09/1980,76,Steve,Daniels,***-**-3537,CO
25/03/1988,68,Victoria,Potter,***-**-4290,UT
06/03/1990,118,Kathy,Preston,***-**-9960,LA
01/01/1995,127,Michael,Donaldson,***-**-7624,CA
22/02/1976,542,Brian,Bridges,***-**-4546,MN
17/01/1981,181,Martha,Gonzalez,***-**-8342,KS
10/01/1992,111,Paul,Rogers,***-**-6284,MT
03/09/1989,481,Dawn,Galvan,***-**-8058,TN
19/01/1978,568,Amber,West,***-**-7363,ND
29/01/1983,395,Christopher,Guerrero,***-**-4036,WY
17/06/1991,345,Stacy,Brooks,***-**-4661,SC
21/08/1975,438,Danielle,Kaiser,***-**-9764,AL
26/09/1979,403,Taylor,Boyle,***-**-9756,MD
16/12/1978,180,Donna,Howard,***-**-3416,CA
26/11/1974,616,Anne,Rios,***-**-6513,HI
28/09/1976,56,Theresa,Barnes,***-**-2054,CT
08/03/1977,153,Lori,Tate,***-**-9123,NM
02/11/1974,551,Alexandria,Baker,***-**-3200,NV
30/09/1978,135,Stephen,Hensley,***-**-5372,GA
19/11/1983,500,Jennifer,Fischer,***-**-5609,UT
21/02/1981,24,Pamela,Robinson,***-**-4275,NM
02/08/1991,81,Brendan,Gonzalez,***-**-9993,SC
24/12/1982,50,Richard,Turner,***-**-9924,TN
22/10/1973,328,Michael,Robinson,***-**-2355,IL
13/07/1987,402,Patricia,Sharp,***-**-0306,MD
15/03/1977,255,Elizabeth,Avila,***-**-8453,NH
28/12/1978,413,Christopher,Martinez,***-**-8774,CT
20/03/1984,507,Isaac,Woods,***-**-6227,AK
17/10/1994,62,Adriana,Wolf,***-**-1702,OR
14/06/1982,150,David,Pearson,***-**-1781,AL
14/05/1988,109,Matthew,Kramer,***-**-4860,RI
25/10/1987,310,Pamela,Archer,***-**-2625,WV
05/12/1976,243,Charles,Stout,***-**-1997,KS
18/07/1978,72,Daniel,Boyd,***-**-1220,NY
19/02/1973,608,Jimmy,Jones,***-**-2030,MA
21/02/1972,19,Rebecca,Hammond,***-**-2706,LA
04/12/1986,30,Emily,Diaz,***-**-9174,AK
10/11/1988,119,Chad,Wise,***-**-1355,CO
14/01/1976,162,Todd,Duran,***-**-1832,KY
21/09/1987,199,Brian,Mclaughlin,***-**-2876,PA
13/05/1988,187,Katherine,Rogers,***-**-9500,ME
18/01/1979,102,Joseph,Adams,***-**-7778,WI
21/10/1987,385,David,Lowery,***-**-7963,UT
07/07/1988,626,Janice,Young,***-**-4863,WA
09/02/1991,528,Anna,Matthews,***-**-4474,TN
22/03/1983,31,Katie,Garcia,***-**-8462,AK
30/04/1990,43,Maria,Estrada,***-**-8108,LA
16/07/1983,169,Ashley,Smith,***-**-8720,TX
15/10/1991,204,Amy,Wright,***-**-8641,CA
20/08/1982,494,Heather,Scott,***-**-0361,NH
30/05/1973,233,John,Anderson,***-**-6681,NY
07/01/1983,638,John,Anderson,***-**-7935,UT
01/10/1988,57,Kimberly,Harris,***-**-5459,IA
23/11/1976,648,Christopher,Smith,***-**-2521,WI
25/12/1980,192,Daniel,Singh,***-**-7521,VA
12/08/1981,73,Miranda,Nguyen,***-**-2585,ME
09/07/1990,477,Gregory,Simpson,***-**-9365,CO
19/04/1984,411,Daniel,Brown,***-**-6526,NM
17/05/1985,630,Susan,Thompson,***-**-6074,TN
30/07/1984,600,Rick,Johns,***-**-7121,NV
31/07/1978,634,Sean,Calhoun,***-**-2261,SD
06/11/1994,296,Alan,Holden,***-**-6916,PA
14/07/1987,154,Robin,Silva,***-**-0453,AK
02/06/1985,527,Nicole,Conrad,***-**-6985,SD
29/07/1972,635,Deanna,Russell,***-**-9236,MD
20/07/1986,229,Joshua,Bailey,***-**-4031,WV
15/10/1972,389,Daniel,Patrick,***-**-8777,GA
04/06/1990,220,William,Smith,***-**-0654,AR
23/08/1980,454,Kristin,Grant,***-**-9693,WV
10/01/1989,488,Kimberly,Velasquez,***-**-4229,GA
08/03/1994,41,Michael,Dalton,***-**-2101,WI
01/11/1985,522,Jason,Shaw,***-**-4765,KY
08/07/1985,269,Jonathon,Olson,***-**-7767,SC
01/02/1986,35,Andrea,Perry,***-**-8897,CO
09/10/1986,10,Anthony,Nguyen,***-**-8472,WI
13/05/1983,397,Anthony,Christensen,***-**-8703,OH
18/07/1975,45,Paul,Murphy,***-**-9454,NJ
23/04/1989,210,Susan,Stewart,***-**-2712,GA
24/06/1985,197,Scott,Warren,***-**-3723,OH
08/08/1987,354,Jennifer,Avery,***-**-5062,LA
22/08/1988,552,Alexander,Vaughan,***-**-8562,MI
05/12/1973,414,Laura,Parker,***-**-6879,CO
15/09/1990,134,Derek,Harrington,***-**-2836,AR
27/08/1994,11,Daniel,Wells,***-**-7268,CA
05/11/1987,222,Kelly,Phillips,***-**-1324,MI
05/06/1985,442,Lauren,Bennett,***-**-4874,IA
09/04/1978,633,Aaron,Wolf,***-**-1149,WY
04/09/1980,361,Julia,Wright,***-**-6702,CO
16/06/1986,205,Cheryl,Dennis,***-**-0712,TX
22/02/1985,18,Donna,Lopez,***-**-5711,DE
12/06/1984,459,Matthew,Gibbs,***-**-9698,ID
02/02/1988,564,Nancy,Mitchell,***-**-9365,GA
23/07/1983,138,Ashley,Bullock,***-**-5394,MS
03/01/1982,356,Andrew,Moore,***-**-5178,ID
05/10/1973,479,Joseph,Martinez,***-**-9409,NH
11/09/1985,100,Yvette,Rodriguez,***-**-8123,OR
09/11/1977,451,Carrie,Barber,***-**-3083,LA
01/10/1984,432,Ashley,Sherman,***-**-1501,NE
18/08/1994,71,Craig,Garcia,***-**-3695,PA
10/07/1992,463,Jerome,Brown,***-**-9456,MD
29/03/1981,308,Kevin,Beck,***-**-7304,TN
28/07/1981,591,Travis,Hansen,***-**-6746,DE
15/12/1994,214,Rodney,Cook,***-**-6232,RI
20/02/1993,290,Theresa,Brown,***-**-3478,MN
21/09/1989,8,Wayne,Mercer,***-**-7254,MA
12/04/1982,182,Mary,Lee,***-**-7361,OH
12/07/1993,534,Matthew,Martin,***-**-7803,ID
03/12/1988,511,Lee,Weber,***-**-9830,CA
23/07/1977,32,James,Wilson,***-**-7343,OR
20/04/1988,289,Angela,Clark,***-**-3392,MN
25/07/1994,643,Allen,Flynn,***-**-7573,NH
24/08/1992,234,Darrell,Coleman,***-**-4198,WI
03/08/1979,618,Patrick,Wells,***-**-3209,MS
20/10/1986,246,Tyler,Beck,***-**-1385,HI
29/11/1977,546,Michelle,Jenkins,***-**-8254,NE
27/09/1991,455,Scott,Miller,***-**-3580,WY
07/09/1973,341,Maria,Mcmillan,***-**-3730,TX
01/10/1980,252,Amy,Waller,***-**-8763,MA
31/03/1976,351,Jacob,Thomas,***-**-8896,MS
31/07/1993,493,Amanda,Jones,***-**-0691,MN
09/10/1993,599,Edward,Padilla,***-**-5222,PA
20/02/1973,315,Debra,Best,***-**-3320,ND
27/01/1986,577,Gregory,Roberts,***-**-4496,IN
19/05/1985,415,Suzanne,Wheeler,***-**-2982,WI
14/01/1976,303,Ann,Lewis,***-**-0619,MT
25/06/1984,478,Michelle,Peterson,***-**-2154,MA
30/12/1982,313,Adam,Thomas,***-**-1297,VA
26/09/1987,4,Donna,Owens,***-**-6696,AL
27/09/1972,249,Pamela,Lyons,***-**-3318,AR
26/10/1987,649,Victor,Lopez,***-**-3964,NV
07/04/1979,565,Matthew,Miller,***-**-3517,CO
18/10/1985,513,Kevin,Foster,***-**-5090,WI
01/04/1973,516,Alyssa,Stokes,***-**-2432,OH
23/08/1973,545,Mark,Saunders,***-**-2640,VT
13/03/1977,38,Michael,Chapman,***-**-6874,OR
29/01/1993,309,Cole,Farrell,***-**-7973,IN
12/10/1994,578,Michael,Estrada,***-**-2448,OH
11/12/1982,178,Shaun,Martinez,***-**-5793,NC
06/01/1976,359,Victoria,Moon,***-**-8604,AZ
07/05/1982,278,Brian,Peters,***-**-3701,HI
01/06/1992,292,Jose,Gonzalez,***-**-9797,MD
20/11/1973,87,John,Paul,***-**-7180,KY
26/04/1978,286,Stephanie,Smith,***-**-1286,NH
09/11/1993,221,Lisa,Wilson,***-**-6950,AZ
15/01/1973,524,Cody,Duran,***-**-6706,NM
01/06/1981,453,Ann,Johnson,***-**-9046,NE
12/10/1975,468,Paula,Hernandez,***-**-2951,CA
21/07/1991,444,Patrick,Barber,***-**-9891,NY
27/11/1973,350,Dennis,Alvarado,***-**-4378,MT
27/06/1973,462,David,Peterson,***-**-7312,LA
04/11/1987,66,Tina,Williams,***-**-7775,OR
23/02/1973,495,Bridget,Koch,***-**-9714,WY
08/09/1993,586,Adrian,Hernandez,***-**-5101,NE
26/12/1983,457,Andrea,Potter,***-**-6384,NH
07/07/1990,392,David,Williams,***-**-6350,MA
10/05/1987,202,Katherine,Wright,***-**-3109,AR
19/04/1979,467,Kevin,Taylor,***-**-2293,NH
15/03/1991,627,Latoya,Mitchell,***-**-3607,ME
24/01/1992,367,Tricia,Smith,***-**-7866,CA
26/11/1993,244,David,Miles,***-**-2657,MI
20/03/1990,620,Gina,Hoffman,***-**-4213,UT
21/09/1975,642,Tamara,Whitney,***-**-9208,MO
14/04/1987,427,John,Garcia,***-**-3993,TX
13/06/1972,539,Craig,Nunez,***-**-6566,DE
07/07/1981,98,Desiree,Ross,***-**-2608,MS
11/08/1981,324,Samantha,Ramirez,***-**-7086,MD
19/11/1978,589,David,Patton,***-**-9705,PA
09/08/1981,339,Caroline,Lopez,***-**-1325,OK
03/09/1985,645,Karen,Malone,***-**-5442,CO
31/12/1989,355,Daniel,Wright,***-**-3803,FL
14/01/1978,541,Brent,Miller,***-**-9692,HI
31/08/1991,360,Mitchell,Meyer,***-**-7666,RI
19/04/1977,39,Annette,Flores,***-**-3196,NE
19/08/1983,305,Wendy,Hendrix,***-**-6634,WY
11/08/1983,474,Alexis,Cross,***-**-3694,MN
27/06/1981,571,Jeffrey,Jones,***-**-1822,SD
01/06/1976,372,Jessica,Walsh,***-**-2907,RI
15/02/1991,559,Sherry,Henderson,***-**-3768,FL
17/02/1978,521,Jennifer,Johnson,***-**-3102,OK
31/03/1977,583,Scott,Ellison,***-**-8653,NH
06/04/1992,329,Denise,Baldwin,***-**-7350,AL
04/12/1980,201,Rebecca,James,***-**-1514,MA
11/08/1981,276,Sean,Gonzales,***-**-8838,MO
27/04/1990,592,Mary,Chavez,***-**-2834,PA
26/02/1980,124,Ralph,Martinez,***-**-4024,WA
29/03/1973,133,Thomas,Stone,***-**-8227,DE
01/07/1974,314,Christopher,Anderson,***-**-1835,NC
08/02/1983,562,Allison,Garcia,***-**-0105,LA
15/09/1982,125,Charles,Hall,***-**-7617,PA
03/04/1991,625,Lawrence,Roach,***-**-2080,KY
29/03/1978,312,Christopher,Dougherty,***-**-0986,AL
05/08/1990,90,William,Small,***-**-0642,CO
30/03/1988,236,Samuel,May,***-**-0970,NJ
13/02/1990,601,Brian,Lopez,***-**-7558,DE
23/07/1991,326,Amanda,Clark,***-**-5043,MN
13/11/1978,264,Cody,Taylor,***-**-3700,SD
24/03/1975,248,Sherry,Love,***-**-8685,OR
07/11/1978,485,Christine,Stone,***-**-6503,KS
26/03/1988,54,Kristy,Diaz,***-**-1032,IA
19/07/1982,2,Amy,Long,***-**-7292,FL
20/03/1985,298,Haley,Myers,***-**-0757,MD
23/07/1975,99,Michael,Holden,***-**-7951,IN
21/01/1982,186,Kelly,Ferrell,***-**-2299,NH
21/05/1985,593,Rachel,Valdez,***-**-0852,UT
18/03/1981,557,Kristine,Roberson,***-**-0956,MN
15/12/1974,375,Vincent,Watson,***-**-8997,RI
15/07/1979,460,Elizabeth,Bailey,***-**-7230,MI
08/07/1976,496,Mark,Mcmillan,***-**-2503,MI
06/06/1978,487,Sheri,Long,***-**-5166,OH
12/07/1987,469,Daniel,Mccall,***-**-5314,NE
19/04/1979,340,Dawn,Malone,***-**-2070,TN
25/08/1994,363,Evan,Romero,***-**-3334,NM
19/04/1992,108,Paul,Adams,***-**-5765,WV
20/10/1988,357,Tracy,Holt,***-**-1413,AK
11/02/1972,293,Charles,Wheeler,***-**-5781,CA
09/08/1993,604,Ashley,Harris,***-**-7070,IL
07/02/1994,7,Roberto,Schmidt,***-**-1763,AL
10/10/1975,94,Margaret,Barton,***-**-0973,ID
25/09/1993,227,Michelle,Diaz,***-**-4889,ID
15/12/1988,486,Mike,Duncan,***-**-8115,MD
12/01/1994,613,Alexandra,Thomas,***-**-6760,SD
22/09/1976,603,Mark,Murillo,***-**-9915,MI
12/03/1989,332,Carol,Dyer,***-**-5545,HI
17/11/1989,587,Daniel,Williams,***-**-9146,NH
20/09/1980,602,Sandra,Suarez,***-**-9548,GA
20/07/1976,398,Sarah,Hamilton,***-**-3104,ND
31/03/1981,148,Sydney,Floyd,***-**-0722,CT
01/07/1978,223,Jonathan,Hall,***-**-6672,NE
03/10/1976,574,Jennifer,Kim,***-**-9504,MN
30/10/1980,588,Kenneth,Sanchez,***-**-8921,CA
09/05/1975,157,Joseph,Carroll,***-**-5984,ND
18/10/1976,175,Jennifer,Arnold,***-**-4368,AL
31/08/1976,473,David,Le,***-**-5444,MI
28/06/1978,29,Jeffrey,Clark,***-**-0316,MO
19/07/1985,334,Jeffery,Reed,***-**-6338,NJ
26/07/1974,465,Laura,Kim,***-**-3606,PA
29/06/1990,92,Derek,Obrien,***-**-6123,NH
18/12/1980,470,Brooke,Bishop,***-**-4107,CA
26/10/1976,128,Peter,Miles,***-**-3367,WA
07/10/1987,77,Alex,Owen,***-**-9252,AL
28/08/1990,530,Michael,Fowler,***-**-3995,TN
19/01/1976,270,Katherine,Rose,***-**-0446,MN
23/04/1974,251,Daniel,Waller,***-**-0011,KY
19/09/1973,277,Ronald,Johnson,***-**-8871,DE
25/06/1979,346,Austin,Gutierrez,***-**-0203,VT
14/05/1984,238,Brandon,Chang,***-**-6687,AL
05/05/1984,143,Alexander,Murphy,***-**-0664,UT
22/03/1977,461,Stephanie,Mendoza,***-**-8308,VT
10/02/1982,5,Gregory,Moore,***-**-6226,MA
30/12/1989,117,Jonathan,Mendoza,***-**-0262,MD
17/09/1988,396,Michelle,Phillips,***-**-2345,OK
17/03/1976,517,Justin,Morgan,***-**-5133,MI
09/09/1978,228,Michael,Hubbard,***-**-8972,CT
14/05/1992,576,Travis,Little,***-**-6995,WY
19/12/1988,482,Susan,Kennedy,***-**-4558,ME
10/11/1973,611,Emily,Mcgrath,***-**-7640,CO
13/11/1988,288,Sandra,Griffin,***-**-6533,NV
07/01/1990,322,Jessica,Sullivan,***-**-2665,WY
09/06/1980,93,Timothy,Mendoza,***-**-2367,NM
15/08/1979,631,Amanda,Pearson,***-**-9832,TN
28/07/1984,95,Jeffery,Burnett,***-**-4493,KS
12/01/1986,225,Brian,Williams,***-**-5701,MT
09/05/1974,386,Randy,Dorsey,***-**-0360,MO
14/10/1973,272,Duane,Williams,***-**-8818,NV
12/08/1977,614,Colleen,Beasley,***-**-3286,MA
21/12/1985,262,Brian,Jackson,***-**-9597,PA
15/10/1991,110,Cynthia,Price,***-**-6184,SD
16/07/1983,501,Donald,Carter,***-**-5922,HI
23/04/1976,65,Lisa,Schmitt,***-**-5980,TN
07/06/1977,458,Dustin,Nichols,***-**-9015,NE
24/04/1980,224,Jay,Brown,***-**-8736,TX
13/02/1984,160,Beth,Lynch,***-**-0814,AK
20/01/1982,259,Mary,Mitchell,***-**-3602,TX
05/08/1986,547,Joshua,Rush,***-**-2710,GA
11/04/1973,358,Jillian,David,***-**-4462,HI
19/09/1994,652,Anthony,Delgado,***-**-7837,FL
18/05/1988,49,Meghan,Wilson,***-**-4722,HI
03/12/1991,437,Andrea,Montgomery,***-**-6315,OH
12/10/1972,536,Megan,Gray,***-**-4006,NY
27/06/1991,636,Sarah,Brooks,***-**-6948,AR
29/05/1992,330,Kaylee,Clark,***-**-0753,WI
13/04/1992,538,Joseph,Martin,***-**-5396,AR
20/04/1989,168,Donna,Rose,***-**-1960,TN
13/07/1979,480,Brandi,Sawyer,***-**-9334,RI
19/01/1986,543,James,Torres,***-**-5026,DE
14/04/1984,506,Jonathan,Malone,***-**-9942,MN
15/08/1974,80,Christine,Williams,***-**-1974,MN
02/12/1988,342,Christopher,Young,***-**-1343,NE
13/02/1973,364,David,Turner,***-**-7108,IL
04/10/1989,64,Gregory,Estes,***-**-9235,KS
27/12/1992,156,Shannon,Vaughn,***-**-2444,AR
21/01/1981,285,James,Mclaughlin,***-**-1088,NC
13/01/1986,79,Michael,Brown,***-**-9682,OH
21/07/1986,170,Jennifer,Crawford,***-**-5861,FL
22/06/1978,561,Michelle,Carr,***-**-2759,CT
27/05/1991,617,Andrew,Love,***-**-9696,OH
20/06/1977,515,Anna,Bennett,***-**-6909,TN
12/10/1989,644,William,Watts,***-**-6883,MN
23/12/1978,450,Cynthia,Williams,***-**-5994,NY
21/01/1982,216,Bruce,Miles,***-**-0969,IA
23/05/1972,88,Amanda,Wilson,***-**-0767,NE
08/11/1983,130,Joshua,Riley,***-**-4874,IN
23/02/1987,408,Carla,Torres,***-**-7599,CT
14/06/1977,105,Mark,Green,***-**-6893,AZ
25/02/1986,580,Stephanie,Goodwin,***-**-5702,NC
02/01/1986,388,Cameron,Allen,***-**-8341,ID
11/05/1983,316,Harold,Li,***-**-2966,GA
05/06/1984,196,Sara,Curry,***-**-1678,ID
12/11/1979,366,Caroline,Wyatt,***-**-7063,NY
28/09/1982,331,Nicole,Perez,***-**-1455,MT
31/01/1991,63,Jacqueline,Garcia,***-**-8953,NC
18/04/1979,651,Alexander,Wright,***-**-7263,MN
11/01/1978,497,Heather,Farrell,***-**-0338,MA
01/06/1978,14,Joseph,Fernandez,***-**-4971,IL
26/03/1978,52,Timothy,Chandler,***-**-3897,NM
06/06/1973,456,Gregory,Jackson,***-**-0058,WY
06/05/1977,412,Thomas,Patterson,***-**-4561,VA
12/01/1977,283,Timothy,Suarez,***-**-3073,WI
09/03/1991,174,Jennifer,Jensen,***-**-4293,GA
08/06/1990,509,Andrew,Hogan,***-**-5943,ND
01/10/1993,254,Dale,Hartman,***-**-9502,ME
27/02/1977,531,Jennifer,Williams,***-**-9054,OK
09/02/1980,104,Antonio,Perez,***-**-4115,NC
07/01/1985,549,Joshua,Hicks,***-**-4786,KS
31/08/1994,183,Edward,Thompson,***-**-8605,OH
17/03/1979,612,Lee,Zamora,***-**-3321,UT
07/02/1984,492,Wyatt,Rivers,***-**-5135,KY
23/11/1972,27,Michelle,Reeves,***-**-1066,PA
17/04/1973,287,Joanna,Hopkins,***-**-2714,MA
18/05/1980,584,Joseph,Mitchell,***-**-7441,VA
11/09/1972,624,Ariel,Ray,***-**-2732,OR
30/10/1990,53,Shawn,Murray,***-**-5217,MS
01/03/1976,206,Jose,Spears,***-**-2675,NH
03/05/1973,211,Caroline,Mayer,***-**-2487,WY
11/08/1976,646,David,Weaver,***-**-2750,ME
12/04/1988,336,Kelly,Sullivan,***-**-7284,NV
30/05/1984,555,Kyle,Ramirez,***-**-2839,WA
20/06/1984,560,Carrie,Davis,***-**-6558,WA
28/04/1990,203,Catherine,Martinez,***-**-6917,NM
05/12/1988,217,Amanda,Lewis,***-**-0504,MT
04/03/1994,371,Katherine,Bailey,***-**-3545,WV
08/05/1975,605,Rodney,Smith,***-**-3105,NH
12/05/1984,337,Savannah,Saunders,***-**-2473,IA
01/04/1987,381,Claudia,Oneal,***-**-9008,TX
30/03/1984,508,Roy,Johnson,***-**-6344,AK
08/07/1982,58,Michelle,Smith,***-**-6834,NV
11/04/1983,401,Amanda,Haney,***-**-9019,IA
22/10/1992,163,Theresa,Fletcher,***-**-0535,VA
20/07/1988,548,Debra,Green,***-**-5376,SC
11/12/1985,161,John,Cox,***-**-7739,OH
22/12/1982,464,Beth,Harris,***-**-5871,RI
01/07/1981,476,Erica,Mcconnell,***-**-0878,MA
22/01/1992,208,Kimberly,Johnson,***-**-4304,PA
24/10/1973,378,Kyle,Aguirre,***-**-4469,NE
30/04/1977,654,Nicole,English,***-**-9164,HI
01/04/1973,585,Bonnie,Turner,***-**-0208,MD
07/09/1984,621,Maurice,Gillespie,***-**-8509,GA
08/10/1988,300,Corey,Adams,***-**-2578,OR
20/06/1986,640,Brett,Nelson,***-**-3049,MD
23/01/1979,297,Melody,Nelson,***-**-1931,VA
12/04/1980,209,James,Young,***-**-8557,ME
14/04/1994,320,Robert,Smith,***-**-0748,MS
05/05/1990,242,Caroline,Larson,***-**-7178,LA
24/03/1973,258,Megan,Robinson,***-**-1601,WV
19/01/1978,570,Shawn,Edwards,***-**-4865,LA
15/09/1977,417,David,Evans,***-**-6773,WA
20/01/1993,281,Julie,Price,***-**-3599,PA
08/02/1978,436,Briana,Webster,***-**-3704,PA
27/02/1978,441,Robin,Oconnor,***-**-0782,NH
20/01/1975,425,Albert,Davidson,***-**-9182,CA
02/04/1989,553,Mark,Chen,***-**-3553,WY
25/02/1992,266,Elizabeth,Lynn,***-**-8647,MA
01/11/1983,40,Tracy,Gonzalez,***-**-4059,WY
30/06/1979,609,Patricia,Fletcher,***-**-2311,RI
29/12/1980,471,Tammy,Salinas,***-**-3850,NC
04/03/1974,307,Roger,Wright,***-**-3080,MO
13/04/1992,353,Kelly,Castillo,***-**-7622,WA
14/04/1993,393,Charles,Kelley,***-**-1133,OK
23/06/1985,607,David,Johnson,***-**-9729,DE
08/01/1983,483,David,Cervantes,***-**-0082,WA
10/04/1983,370,Valerie,Lopez,***-**-0441,AL
20/11/1984,273,Sarah,Hayes,***-**-8195,CT
20/10/1979,141,Christina,Arnold,***-**-2313,NY
26/11/1973,338,Cynthia,Bennett,***-**-7899,MD
09/04/1983,15,Michelle,Huang,***-**-8363,UT
04/03/1973,120,Amanda,Dodson,***-**-6056,KS
10/08/1992,75,Jeff,Hawkins,***-**-5606,IL
29/07/1991,115,Patrick,Taylor,***-**-5595,MO
05/11/1984,629,Elizabeth,Howard,***-**-2641,AZ
30/04/1977,299,Noah,White,***-**-0897,SC
29/12/1983,498,Caroline,Jackson,***-**-4102,DE
15/06/1978,445,Andrea,Wright,***-**-8386,OH
02/01/1983,582,Sara,Smith,***-**-9188,TN
23/04/1974,245,Jennifer,Rodriguez,***-**-2538,NM
05/02/1990,129,Deanna,Terrell,***-**-5743,OK
17/02/1989,544,Kristina,Summers,***-**-3058,OR
05/04/1974,377,Laura,Mercado,***-**-9514,MI
17/11/1990,155,Matthew,Kane,***-**-9385,PA
20/05/1980,440,Tamara,White,***-**-6614,FL
04/06/1976,550,Samantha,Thompson,***-**-9230,NY
02/03/1983,47,John,Mcmillan,***-**-7301,NV
11/12/1985,89,Andrea,Webb,***-**-7815,VA
22/10/1989,145,Lori,Odonnell,***-**-2415,KS
13/12/1973,554,Ronald,Huerta,***-**-6058,OK
26/03/1974,523,Chelsea,Foster,***-**-4094,AK
07/09/1989,499,Daniel,Lopez,***-**-2639,AR
13/01/1977,37,Jonathan,Jones,***-**-7798,MN
23/04/1981,384,Jessica,Gaines,***-**-9332,CO
16/06/1981,514,Timothy,Morris,***-**-2962,WY
14/07/1993,260,Donna,Campbell,***-**-2369,NV
04/09/1972,239,Tonya,Martinez,***-**-7702,IA
20/02/1980,420,Pamela,Moore,***-**-9532,NJ
05/05/1993,380,Michelle,Ali,***-**-3823,KS
27/10/1983,387,Alexander,Gibson,***-**-1036,CO
06/03/1985,207,Jay,Smith,***-**-6315,CT
27/07/1972,318,Teresa,Watkins,***-**-5707,NY
08/05/1980,16,Bradley,Guzman,***-**-2817,WY
03/06/1979,61,Rhonda,Young,***-**-2336,NE
22/07/1977,280,Brandon,Davis,***-**-1621,AZ
10/08/1980,13,Brandon,Farmer,***-**-2601,TX
30/10/1989,563,Barbara,Murphy,***-**-9225,AR
21/04/1978,569,James,King,***-**-1432,AK
25/03/1993,575,Drew,Kelly,***-**-3264,WA
18/02/1982,319,Virginia,Wise,***-**-8887,OR
29/01/1990,122,Mary,Hernandez,***-**-5268,NY
06/01/1975,520,Ryan,Russell,***-**-3828,HI
05/08/1989,489,Amanda,Smith,***-**-3579,DE
13/07/1980,136,Morgan,Dunn,***-**-1601,AZ
11/06/1973,142,Kimberly,Shaw,***-**-7577,MA
15/01/1990,250,Kathleen,Klein,***-**-3388,NM
13/09/1972,383,Diana,Meyers,***-**-4296,TN
26/03/1990,650,Logan,Smith,***-**-0194,MN
03/05/1975,231,Tracy,Martin,***-**-0726,AK
13/02/1988,431,Edwin,Martin,***-**-9168,MO
14/07/1976,306,Kelly,Moran,***-**-0670,NV
12/01/1987,151,Robert,Smith,***-**-2300,ID
30/01/1991,519,Jane,Martinez,***-**-3977,AZ
10/10/1983,172,Denise,Castillo,***-**-0042,LA
30/04/1980,121,Jonathon,Brock,***-**-9917,CO
24/09/1994,140,Amanda,Franco,***-**-5413,AK
20/11/1985,48,Heather,Robinson,***-**-1929,MN
24/08/1987,282,Kathryn,Stout,***-**-9637,IA
13/03/1977,42,Cory,Hopkins,***-**-9491,AK
14/07/1982,247,Ryan,Snyder,***-**-9330,MA
16/08/1985,59,Sara,Walker,***-**-5423,NE
21/04/1979,137,Daniel,Garcia,***-**-3001,WI
25/06/1977,257,Paul,Evans,***-**-4302,MN
22/01/1976,343,Elizabeth,Olson,***-**-7163,MA
27/10/1989,195,Ann,Romero,***-**-4046,DE
23/02/1991,268,Thomas,Jensen,***-**-3430,OH
05/07/1982,558,Brian,Davila,***-**-3711,DE
31/03/1990,70,Donna,Howard,***-**-7432,MS
01/01/1981,28,Kimberly,Massey,***-**-4649,MO
22/11/1987,132,Jeremy,Cross,***-**-4632,HI
11/06/1989,335,Dennis,Thomas,***-**-5032,IN
24/08/1989,349,Kenneth,Martin,***-**-4681,MI
28/06/1972,510,Tyler,Brewer,***-**-9006,HI
24/02/1972,36,Scott,Brooks,***-**-4958,NY
05/12/1982,430,Derrick,Fritz,***-**-0071,IA
17/11/1974,376,Christine,Munoz,***-**-0149,MO
23/11/1976,226,Julie,Robbins,***-**-4571,IN
03/03/1982,240,Rachel,Cook,***-**-9042,NM
25/12/1984,291,Kyle,Hoffman,***-**-7692,MT
05/07/1976,619,Nancy,Nguyen,***-**-3939,VA
25/05/1993,424,John,Wells,***-**-3026,NH
16/07/1979,212,Robert,Ellison,***-**-9579,NE
15/04/1978,263,Keith,Robinson,***-**-3579,NC
15/11/1973,443,Dennis,Osborn,***-**-3531,MA
21/12/1993,26,Ronald,Hays,***-**-6430,TX
15/06/1973,491,Leslie,Brown,***-**-1806,NJ
20/12/1973,114,Maria,Chapman,***-**-7300,OK
22/03/1981,434,Melissa,Torres,***-**-6921,NM
20/11/1982,615,Joshua,Weaver,***-**-7030,IA
29/08/1993,525,Crystal,Martin,***-**-0679,ME
04/08/1991,44,Sheri,Ball,***-**-7548,AZ
11/02/1986,475,Steven,Ritter,***-**-8004,OH
22/12/1978,529,Linda,Krause,***-**-4382,SD
25/07/1989,83,John,Myers,***-**-1869,NJ
09/09/1992,275,Mark,White,***-**-7830,ID
02/12/1973,190,Diana,Smith,***-**-3506,IL
09/06/1990,423,Karen,Lyons,***-**-9081,OK
20/10/1992,581,Laura,Glenn,***-**-1468,TX
20/09/1983,177,Diana,Spence,***-**-4751,MA
10/07/1977,573,Samantha,Farley,***-**-2351,WA
13/10/1975,46,Kayla,Mitchell,***-**-9155,WI
31/12/1980,17,Crystal,Myers,***-**-6532,OH
09/04/1979,101,Brooke,Jones,***-**-2606,TN
22/03/1987,261,John,Mueller,***-**-7849,MD
10/07/1983,435,Karla,Rosales,***-**-1729,IL
23/08/1977,448,Jennifer,Brown,***-**-0700,MA
10/09/1977,597,Blake,Jimenez,***-**-3810,KS
05/11/1980,628,Michael,Garcia,***-**-4294,IL
24/12/1989,610,Jermaine,Quinn,***-**-1754,CA
22/04/1976,113,Patricia,Cruz,***-**-3822,IN
01/02/1975,235,Cameron,Mcintosh,***-**-8921,NV
10/06/1988,21,Michelle,Brewer,***-**-6836,OK
15/09/1978,362,Hannah,Nolan,***-**-1332,OK
27/05/1978,368,Erica,Johnson,***-**-9413,LA
13/01/1982,323,Jeremy,Obrien,***-**-7592,OR
03/08/1974,621,James,Blankenship,***-**-6140,MN
06/09/1981,345,John,Wright,***-**-1620,NE
01/11/1978,443,Emily,Johnson,***-**-8247,LA
31/10/1994,184,Taylor,Richardson,***-**-5307,IN
15/10/1981,438,Robert,Montes,***-**-4189,MA
14/07/1982,472,Andrea,Jones,***-**-4314,NC
03/04/1990,67,Amber,Garcia,***-**-6454,NY
01/09/1987,129,Danielle,Thomas,***-**-7806,IL
17/07/1995,502,Dylan,Erickson,***-**-2913,TN
07/01/1995,386,James,Wood,***-**-4174,MO
22/12/1974,480,Kaitlyn,Burton,***-**-1272,HI
27/12/1992,516,Kristopher,Tran,***-**-7512,OK
10/07/1988,408,Rhonda,Ford,***-**-6841,AZ
06/10/1974,318,Lisa,Hunter,***-**-5219,SC
01/04/1980,73,Elizabeth,Sweeney,***-**-1296,OH
18/09/1987,320,Sarah,Oliver,***-**-8783,OK
07/02/1978,513,Crystal,Gill,***-**-0220,GA
06/10/1985,562,Kelly,Garcia,***-**-0948,WI
21/07/1993,486,Robert,Allen,***-**-0186,WV
21/01/1989,411,Kenneth,White,***-**-4552,OK
02/01/1991,171,Emily,Stewart,***-**-4956,IL
24/02/1983,298,Nicholas,Mcbride,***-**-1168,MD
17/07/1978,413,Jeffrey,Hayes,***-**-9010,OR
04/12/1987,177,Justin,Cox,***-**-2095,NH
20/05/1994,627,Lindsey,Robinson,***-**-0841,MT
08/11/1985,167,Micheal,Patel,***-**-4907,FL
07/05/1976,638,Rodney,Warren,***-**-0944,IL
03/03/1994,606,Krista,Tucker,***-**-3634,KS
13/04/1995,38,John,Ponce,***-**-9759,MS
07/08/1979,246,Michelle,Jackson,***-**-1141,NY
10/08/1990,238,Laura,Briggs,***-**-1890,ME
24/01/1987,55,David,Maxwell,***-**-9078,AR
07/08/1976,586,Patrick,Diaz,***-**-9231,FL
28/07/1979,360,Christina,Herrera,***-**-8245,MS
25/07/1973,2,Amanda,Jordan,***-**-3193,WV
16/02/1994,66,Molly,Vasquez,***-**-9614,SD
14/01/1982,243,Charles,Hamilton,***-**-2601,MI
27/03/1986,148,Crystal,Williamson,***-**-9265,WY
24/07/1986,552,Thomas,Clark,***-**-2461,ND
30/09/1987,394,James,Clark,***-**-3931,AK
12/03/1978,255,Brenda,Burns,***-**-2442,VA
19/08/1978,444,Holly,Brown,***-**-6428,OR
06/01/1992,45,Kimberly,Williams,***-**-5116,WA
02/05/1973,201,Henry,Thomas,***-**-3690,PA
23/04/1979,235,David,Hunter,***-**-5970,MN
21/07/1990,141,Todd,Frost,***-**-4290,AZ
10/07/1995,337,Elizabeth,Rogers,***-**-6979,UT
08/08/1981,333,Matthew,Johnson,***-**-1058,KY
25/06/1981,342,Amy,Moreno,***-**-6364,NV
10/01/1978,344,Johnny,Taylor,***-**-7515,NH
05/07/1987,574,Samuel,Hanson,***-**-9903,AK
27/04/1990,432,Ariel,Barron,***-**-0288,KY
31/08/1981,147,Stephen,Norton,***-**-5929,CA
05/11/1976,336,Kelly,Zamora,***-**-1332,KY
09/05/1976,352,Anthony,Mcfarland,***-**-8025,NY
01/08/1984,297,Katie,Hunter,***-**-9713,WV
31/07/1981,108,Gina,Mendez,***-**-2315,NY
12/10/1980,471,Christopher,Patterson,***-**-5008,SC
30/11/1985,63,Christopher,Navarro,***-**-8210,NE
19/10/1994,8,Dustin,Thompson,***-**-2152,AL
01/05/1976,31,Cynthia,Barton,***-**-2750,NH
05/02/1989,625,Tony,Roberts,***-**-7279,NJ
10/08/1985,262,Julie,Hickman,***-**-2567,CA
09/01/1991,277,Cathy,Owens,***-**-9368,NM
16/09/1992,86,Wyatt,Lee,***-**-0012,DE
18/10/1994,592,Jared,Bender,***-**-2970,MA
21/03/1979,77,Timothy,Li,***-**-9233,WV
24/01/1986,23,Amber,Williams,***-**-3408,IL
19/10/1975,594,Vincent,Scott,***-**-4811,VA
10/08/1980,391,Nicole,Black,***-**-1577,IL
12/07/1973,18,Martha,Braun,***-**-7964,WY
09/12/1974,132,Richard,Dixon,***-**-8847,KY
03/08/1976,653,Christopher,Cole,***-**-4970,OH
20/11/1985,355,David,Douglas,***-**-7209,AK
09/10/1993,403,Andrea,Moody,***-**-2119,KS
28/09/1984,214,Brandon,Smith,***-**-3699,SD
19/05/1986,275,Christopher,Manning,***-**-0040,HI
28/05/1980,357,Thomas,Crawford,***-**-4487,FL
13/09/1984,396,Kenneth,Walker,***-**-3756,IN
22/05/1974,422,Margaret,Ramirez,***-**-6163,AR
12/06/1987,530,Zachary,Olson,***-**-6882,PA
25/01/1977,640,Carla,Chavez,***-**-9258,MN
31/03/1982,633,Steven,Collier,***-**-6799,SC
16/07/1984,442,Keith,Tucker,***-**-1617,KY
11/12/1978,79,Jeremy,Ramirez,***-**-2981,TX
17/10/1990,343,Dustin,George,***-**-3770,GA
15/04/1977,388,Matthew,Wright,***-**-7679,VA
20/08/1981,566,Darius,Lopez,***-**-7441,NC
30/05/1978,473,Thomas,Nunez,***-**-8400,KY
03/05/1990,241,Timothy,Ramos,***-**-4602,AL
03/07/1985,467,Richard,Bell,***-**-8895,TN
04/10/1979,136,Hailey,Peters,***-**-0547,NV
10/03/1993,220,Ricky,Williams,***-**-9786,ID
10/09/1976,24,Nathan,Lewis,***-**-2603,PA
29/07/1995,538,Mariah,Young,***-**-3574,ID
15/03/1992,13,Susan,Bowman,***-**-9210,FL
01/07/1978,313,Michelle,Richardson,***-**-7078,MS
31/01/1996,157,Susan,Ford,***-**-6283,RI
01/04/1978,458,Steven,Adams,***-**-1645,NE
03/12/1980,189,Matthew,Byrd,***-**-4289,RI
05/12/1988,429,Paige,Hernandez,***-**-2360,AZ
22/11/1985,83,Carl,Martinez,***-**-7573,LA
31/03/1988,330,Kristie,Taylor,***-**-8543,RI
30/08/1981,483,Christopher,Vasquez,***-**-9955,AK
13/10/1976,144,Anthony,Diaz,***-**-2788,OH
27/12/1995,127,Kristina,Martinez,***-**-3709,NC
23/11/1973,316,Donna,Harvey,***-**-9178,WA
12/09/1987,213,Cynthia,Valdez,***-**-2906,WI
01/08/1991,623,Andre,Miller,***-**-4696,WY
26/10/1974,488,Karen,Mendez,***-**-9497,MN
10/10/1979,600,Eric,Garcia,***-**-3508,RI
01/03/1984,431,Jacqueline,Chase,***-**-8866,OH
16/06/1983,266,Sarah,Butler,***-**-9591,NV
13/05/1978,99,Amanda,Leonard,***-**-8219,HI
31/12/1973,326,Jeffrey,Smith,***-**-4178,NM
11/11/1993,52,Travis,Jordan,***-**-3703,KY
12/03/1973,202,Austin,Morton,***-**-0347,AL
07/06/1974,378,Peggy,Hardy,***-**-6576,MO
20/08/1988,60,Douglas,Carroll,***-**-3018,MS
18/09/1987,284,Janet,Glass,***-**-8749,RI
10/05/1984,87,Philip,Clayton,***-**-1186,NH
01/06/1979,526,Robert,Adams,***-**-6920,MN
04/09/1973,642,Robert,Berry,***-**-2049,RI
26/03/1974,229,Kevin,Barron,***-**-7821,ME
12/10/1978,510,Edward,Collier,***-**-1345,KY
04/11/1991,92,Timothy,Marshall,***-**-0986,SD
07/12/1979,648,Robert,Madden,***-**-7476,FL
27/03/1978,593,Audrey,Smith,***-**-4525,ID
22/09/1983,553,Elizabeth,Mathews,***-**-4597,MO
05/06/1973,643,James,Parks,***-**-8432,NE
12/01/1977,105,Ryan,Acosta,***-**-9773,TX
31/01/1978,545,Amy,Garrett,***-**-4256,AK
19/04/1993,531,Karen,Cook,***-**-5291,TX
20/06/1976,463,Nicholas,Ramirez,***-**-8851,OR
15/07/1991,412,Anna,Griffin,***-**-2340,FL
06/08/1983,474,Matthew,Brown,***-**-8921,MS
13/05/1989,248,Alyssa,White,***-**-1856,SD
14/10/1976,598,Christopher,Clark,***-**-6006,CT
29/02/1984,547,Jonathan,Williams,***-**-8746,CO
25/06/1983,421,Shannon,Adams,***-**-4625,MI
28/01/1987,399,Daniel,Martinez,***-**-0101,OR
16/02/1994,291,Aaron,Castro,***-**-4879,ND
14/03/1984,636,Randall,Henry,***-**-7440,KS
02/07/1994,295,Nicolas,Juarez,***-**-7866,TX
03/12/1975,200,Richard,Howard,***-**-6236,SD
30/11/1973,632,Angela,Burns,***-**-0559,WI
02/12/1979,265,Gregory,Johnson,***-**-3652,TX
11/03/1988,205,George,Mason,***-**-8503,VA
07/07/1984,242,Scott,Clark,***-**-5101,MD
16/09/1977,415,Heather,Stone,***-**-5738,WV
19/05/1976,499,Carla,Mack,***-**-9967,VA
06/07/1986,400,Sarah,Jordan,***-**-3089,GA
21/02/1982,464,Joann,Ward,***-**-0295,HI
13/07/1975,387,Andrea,Lewis,***-**-5337,PA
03/04/1983,323,Jason,Hansen,***-**-8071,MI
06/11/1980,207,Darryl,Mack,***-**-5792,AZ
18/03/1992,114,Catherine,Griffin,***-**-3090,NJ
29/06/1991,299,Olivia,Davis,***-**-8492,GA
17/09/1976,253,Carrie,Rogers,***-**-7402,NM
04/04/1988,354,Chad,Knight,***-**-8870,NC
13/03/1977,115,Tiffany,Stevens,***-**-7576,NH
08/07/1994,561,Lisa,Jones,***-**-8840,LA
03/11/1975,97,Christopher,Brown,***-**-0772,DE
25/05/1979,106,Dylan,Weaver,***-**-4525,IL
10/10/1995,16,Emily,Matthews,***-**-2723,MD
22/01/1979,46,Kenneth,Bush,***-**-6522,SC
24/11/1980,102,April,Rice,***-**-7185,TX
27/01/1985,120,Debra,Stevens,***-**-8173,NC
22/04/1973,616,Matthew,Mccarty,***-**-7281,LA
16/09/1989,263,Jessica,Johnson,***-**-0068,NH
12/12/1973,419,Lydia,Cross,***-**-9989,AR
02/06/1994,325,Jeffrey,Hall,***-**-8563,WI
01/04/1991,581,Adam,Porter,***-**-4025,MA
11/08/1980,517,Daniel,Mckinney,***-**-2678,CA
10/03/1986,78,Amy,Orr,***-**-5212,UT
09/10/1985,449,Maria,Estes,***-**-9210,SC
17/03/1989,398,Laura,House,***-**-8384,MO
25/01/1988,182,Vincent,Andrews,***-**-0261,NJ
05/07/1987,457,Erica,Nunez,***-**-4177,VT
04/05/1982,123,Rachel,Lyons,***-**-9424,DE
15/10/1986,448,Linda,Jimenez,***-**-1523,WY
19/05/1993,498,John,Hernandez,***-**-7049,NV
08/04/1990,328,Samuel,Smith,***-**-6182,KY
16/10/1993,11,Kathleen,Turner,***-**-1449,KY
17/01/1995,348,Paul,Bradford,***-**-1169,RI
03/10/1978,362,Mark,Murillo,***-**-7295,TN
30/12/1975,461,Erin,Nelson,***-**-0029,CO
03/03/1985,604,Kelli,Ward,***-**-0592,NH
17/04/1980,423,Jeffrey,Cabrera,***-**-4044,WY
06/04/1979,181,Robert,Mitchell,***-**-8946,OR
03/08/1984,551,Jennifer,Garcia,***-**-9638,WI
07/04/1987,546,Amanda,Huffman,***-**-8244,MN
26/03/1979,51,Virginia,Gomez,***-**-2769,NH
13/07/1982,19,Danny,Davis,***-**-2891,OH
07/10/1978,280,Erica,Johnson,***-**-9057,ND
28/08/1991,608,Ralph,Levine,***-**-1730,MD
09/12/1995,631,Elizabeth,Wright,***-**-1250,PA
09/12/1976,491,Mark,Stark,***-**-8844,IA
19/06/1980,503,Dawn,Zavala,***-**-9924,KS
15/08/1985,521,John,Washington,***-**-7940,VT
15/04/1977,126,David,Garcia,***-**-5001,NH
04/03/1984,109,Laurie,Brown,***-**-0680,CA
09/11/1977,405,Elizabeth,Mccall,***-**-6447,PA
28/04/1989,567,Melissa,Hunter,***-**-0508,IA
04/09/1979,50,Dale,Smith,***-**-1189,NJ
24/05/1976,437,Charles,Price,***-**-9908,HI
25/10/1993,583,Brian,Hickman,***-**-5327,ND
28/04/1995,230,Joseph,Garcia,***-**-3664,IL
07/01/1984,245,Tracey,Jones,***-**-8247,OR
23/11/1981,292,Christopher,Robinson,***-**-4905,GA
29/06/1984,190,Barbara,Wallace,***-**-7309,HI
30/09/1983,456,Michelle,Salinas,***-**-8355,LA
23/01/1988,154,William,White,***-**-0426,OR
05/01/1996,118,Cynthia,Oconnor,***-**-4089,NH
05/07/1995,406,Elizabeth,Warner,***-**-5413,CO
28/06/1974,21,Andrea,Carey,***-**-0538,NM
21/10/1978,128,Matthew,Robinson,***-**-0855,RI
04/06/1987,208,Briana,Mccoy,***-**-5473,AR
24/04/1976,195,Taylor,Saunders,***-**-0880,MA
26/09/1982,70,Alex,Reeves,***-**-5028,LA
25/01/1976,440,Justin,Lopez,***-**-3460,VT
18/03/1982,143,Hector,Colon,***-**-3058,HI
29/12/1976,329,Olivia,Pacheco,***-**-4279,SD
28/07/1988,206,Andrew,Weaver,***-**-5404,HI
01/01/1988,525,Patty,Newman,***-**-3816,AR
12/07/1990,564,Timothy,Martin,***-**-6276,UT
18/05/1994,495,Kari,Garner,***-**-9429,MT
05/04/1985,541,Paula,Jones,***-**-6209,KY
20/07/1978,618,Mary,Montgomery,***-**-1503,OR
22/06/1979,478,Stephen,Kelley,***-**-1229,CT
23/08/1983,221,Cindy,Stevens,***-**-1757,OR
12/06/1990,42,Aaron,Armstrong,***-**-3000,IN
05/03/1983,401,Gary,Johnson,***-**-1271,VT
24/04/1980,310,Emily,Daniels,***-**-1379,ME
01/04/1989,381,Suzanne,Perez,***-**-5540,LA
13/12/1978,509,Christopher,Conrad,***-**-8002,DE
18/11/1985,327,Eric,Blevins,***-**-7907,VA
15/11/1995,356,Michael,Torres,***-**-2755,AZ
02/11/1989,369,Gina,Vasquez,***-**-2705,VA
01/10/1976,268,David,Pacheco,***-**-3349,WV
20/07/1993,460,Amber,Rodriguez,***-**-0720,GA
17/07/1986,392,Jason,Daniels,***-**-8532,NE
07/12/1995,494,Kendra,Keller,***-**-1339,IL
08/09/1976,294,Amy,Holt,***-**-5927,NY
14/02/1993,441,April,Hood,***-**-7961,NM
28/07/1986,150,Mario,Reyes,***-**-0623,AK
06/03/1973,30,Jeremy,Lindsey,***-**-4560,MN
06/05/1976,390,Mary,Velazquez,***-**-1892,MS
08/11/1992,64,Adam,Kim,***-**-0422,GA
19/05/1988,137,Suzanne,Hernandez,***-**-5183,NC
04/02/1976,173,Ashley,Jensen,***-**-9823,NE
29/10/1974,65,Lisa,King,***-**-4669,MI
25/12/1979,183,Michael,Mata,***-**-7723,AK
21/10/1981,259,Eduardo,Cox,***-**-9688,MS
07/06/1989,489,Kelly,Reid,***-**-3732,IL
07/02/1981,261,Sarah,Smith,***-**-2986,UT
06/10/1993,303,Samantha,Beck,***-**-5274,RI
03/09/1981,518,Rachel,Watkins,***-**-3358,CO
05/02/1992,409,Samantha,Snyder,***-**-4419,MT
29/10/1992,363,Travis,Johnson,***-**-5100,NY
29/04/1987,609,Sue,Cooper,***-**-7144,OH
03/04/1987,204,Sara,Andrews,***-**-6313,MI
08/12/1993,12,Jennifer,Henderson,***-**-5500,MS
05/01/1991,485,Kevin,Johnson,***-**-1623,NE
10/11/1976,273,Cynthia,Ballard,***-**-5531,WY
24/11/1980,84,Robert,Benson,***-**-5347,NY
05/06/1978,619,Diane,Gonzales,***-**-5256,KY
02/07/1990,260,Samuel,Lawrence,***-**-6336,MS
20/03/1973,475,Michelle,Barrett,***-**-7212,ID
17/04/1990,215,Alicia,Marshall,***-**-2579,MN
25/03/1988,468,Paul,Morris,***-**-1418,ID
30/01/1990,231,Stephen,Guzman,***-**-1832,IL
22/04/1985,479,Phillip,Johnson,***-**-3232,AZ
28/01/1974,251,Erica,Morris,***-**-9640,SD
14/04/1975,350,Gloria,Howard,***-**-6970,SC
21/03/1986,424,Keith,Martinez,***-**-4429,IN
02/03/1989,570,Benjamin,Olson,***-**-6381,MO
31/07/1976,493,Linda,Hansen,***-**-5293,WV
07/03/1989,179,Erin,Brown,***-**-4410,CT
06/06/1991,103,James,Navarro,***-**-6225,MA
12/02/1988,192,Maria,Reynolds,***-**-1232,IN
26/07/1988,596,Daniel,Jones,***-**-3210,PA
12/07/1981,417,Charles,Brooks,***-**-8380,HI
01/08/1973,175,Brittany,Vega,***-**-6214,OH
03/06/1995,29,Patricia,Hall,***-**-1097,IA
01/09/1976,314,Brooke,Bell,***-**-2813,KY
08/06/1979,591,Todd,Tran,***-**-1484,IN
06/03/1981,477,Angela,Cardenas,***-**-4135,IN
29/05/1982,6,Michael,Wilson,***-**-9977,OK
27/02/1992,418,Michael,Velasquez,***-**-5530,TX
06/05/1986,452,Jonathan,Hicks,***-**-9842,WV
28/03/1977,272,Joshua,Powers,***-**-3410,VT
29/07/1979,48,Miranda,Pierce,***-**-5055,MT
17/02/1991,321,Eric,Sanchez,***-**-9523,DE
09/02/1982,296,Vincent,Murphy,***-**-9724,OR
19/08/1978,281,Brian,Aguirre,***-**-6990,SD
10/09/1978,116,Richard,Beard,***-**-1583,KS
08/04/1980,20,Richard,Young,***-**-5985,NV
22/07/1990,511,John,Khan,***-**-1653,PA
17/12/1993,476,Robin,David,***-**-7089,NH
13/06/1983,156,Jennifer,Hood,***-**-2138,WA
30/12/1981,40,Wesley,Gibson,***-**-5602,VA
02/02/1991,347,Carolyn,Floyd,***-**-9484,WA
24/09/1977,111,Laura,Powers,***-**-4421,WY
20/11/1988,575,Andrea,Young,***-**-8923,KY
25/04/1981,393,Jacob,Chavez,***-**-7866,NV
22/03/1987,322,Tami,Hampton,***-**-0909,WY
13/01/1976,166,Kristie,Castillo,***-**-2919,OH
20/07/1981,520,Joseph,Rogers,***-**-7823,LA
13/08/1979,332,Anthony,Houston,***-**-9936,VA
02/04/1987,508,Zachary,Perez,***-**-3359,MO
19/07/1980,434,Michelle,Gregory,***-**-1104,DE
08/01/1982,159,Todd,Rivers,***-**-3548,MD
26/01/1993,389,Christina,Joseph,***-**-4480,FL
22/01/1979,579,Rebecca,Lewis,***-**-5389,AL
17/03/1975,218,Lorraine,Johnson,***-**-2437,MI
10/01/1974,252,Adam,Ball,***-**-8463,NE
14/01/1976,584,Melody,Matthews,***-**-7546,VA
14/05/1976,165,Ann,Morgan,***-**-6833,LA
17/01/1991,577,Richard,Moore,***-**-5435,NJ
16/01/1987,124,Samuel,Potts,***-**-0122,KS
20/07/1981,537,Anthony,Ortiz,***-**-1188,NE
10/01/1984,54,Juan,Schultz,***-**-9956,MN
30/07/1975,555,Brittany,Yu,***-**-1863,KY
08/11/1976,174,Donna,Lee,***-**-3254,WV
25/06/1991,560,Cynthia,Hughes,***-**-1235,NC
18/05/1976,35,Kevin,Montoya,***-**-4974,VT
10/05/1994,380,Stephen,Walker,***-**-4862,SC
29/04/1993,80,Tyler,Ortiz,***-**-2288,AR
04/06/1992,455,Donna,Allen,***-**-6527,CA
19/01/1991,374,Jon,Gilmore,***-**-9098,NC
23/10/1995,588,Patrick,Baker,***-**-7115,DE
09/02/1994,375,Samantha,Washington,***-**-1307,SC
08/10/1990,578,Annette,Peters,***-**-5762,CO
01/08/1976,47,Emily,Bradley,***-**-0555,VT
04/08/1990,100,Blake,Hansen,***-**-9135,FL
15/06/1978,186,Beth,Roberts,***-**-4083,NE
26/01/1975,26,Scott,Riley,***-**-8205,OH
07/07/1988,308,Jessica,Esparza,***-**-7214,MO
17/10/1993,376,Gary,Atkinson,***-**-2786,HI
27/07/1982,351,Kristen,Johnson,***-**-9602,MA
13/11/1990,185,Anthony,Johnson,***-**-8319,KS
15/09/1995,425,Ashley,Warner,***-**-2778,RI
09/07/1980,168,Jennifer,Parker,***-**-7163,OR
04/11/1979,370,Thomas,Williams,***-**-9323,NM
11/09/1980,119,Tammy,Villarreal,***-**-5685,GA
30/06/1973,654,Natalie,Perkins,***-**-8244,HI
09/12/1988,617,Stephanie,Robinson,***-**-2507,IL
06/04/1990,641,Lisa,Lynch,***-**-3379,SC
05/04/1988,445,Julia,Glover,***-**-7426,NC
17/02/1992,306,Jesse,Brooks,***-**-0404,NJ
29/05/1974,365,Anna,Valencia,***-**-8610,OR
31/10/1974,27,Nancy,Richardson,***-**-0633,MI
19/03/1987,81,April,Espinoza,***-**-9240,ND
02/08/1982,258,Valerie,Ellis,***-**-6105,RI
08/02/1974,602,Russell,Gonzalez,***-**-3766,WI
29/08/1982,524,Michael,Wong,***-**-4340,KS
17/09/1981,131,Ryan,Mccall,***-**-3879,MO
13/08/1983,240,Nicole,James,***-**-4292,RI
15/09/1983,44,Linda,Fleming,***-**-3119,AL
02/11/1978,113,Jenny,Gibson,***-**-5116,WV
23/06/1983,576,Nicole,Mills,***-**-4601,KY
06/03/1995,523,Jonathan,Lopez,***-**-1354,MA
24/04/1984,534,Dwayne,Marshall,***-**-3640,VT
05/04/1981,470,Jacqueline,Morgan,***-**-6180,KY
29/08/1988,507,Richard,Simpson,***-**-9714,OH
10/02/1980,164,Ashley,Reeves,***-**-0142,NJ
17/06/1975,626,Erin,Webster,***-**-3891,AZ
28/10/1987,481,Jacob,Gillespie,***-**-4719,CO
28/03/1994,501,Benjamin,Gardner,***-**-6837,NH
15/07/1992,227,Robert,Newman,***-**-1677,ME
16/06/1983,622,Daniel,Cooley,***-**-3332,ME
05/07/1992,217,Russell,Mason,***-**-2198,WI
25/02/1983,98,John,Young,***-**-0235,MD
20/05/1993,269,Barbara,Huber,***-**-5604,NM
24/12/1982,145,Sierra,Barrera,***-**-0779,MT
29/04/1974,601,Timothy,Johnson,***-**-0012,UT
31/01/1982,652,Scott,Jones,***-**-5337,TX
28/06/1974,88,Tanya,Salinas,***-**-1849,MT
14/12/1984,104,Theresa,Collins,***-**-4224,ND
30/04/1976,304,John,Harris,***-**-5946,OK
13/06/1994,435,Amanda,Barker,***-**-4431,MO
21/06/1990,469,Michelle,Pineda,***-**-8597,KY
11/10/1974,414,Jose,Morris,***-**-8579,KS
13/04/1990,450,George,Richard,***-**-0670,MD
26/09/1973,94,Lisa,Herrera,***-**-8625,NC
28/02/1981,85,Andrew,Jenkins,***-**-8781,WI
29/03/1976,645,Lisa,Edwards,***-**-3548,WY
14/11/1979,649,Samuel,Payne,***-**-1037,UT
05/07/1993,210,Vincent,Davis,***-**-7055,MI
14/06/1977,233,Tina,Black,***-**-0148,CT
22/12/1991,264,Kaylee,Horton,***-**-6998,DE
26/10/1994,639,Steven,Sherman,***-**-5124,OH
28/05/1973,232,Nancy,Sherman,***-**-8494,KS
14/02/1991,397,Matthew,Fuentes,***-**-2019,MA
06/11/1986,311,Candice,Edwards,***-**-8320,GA
10/07/1977,353,Lisa,Cuevas,***-**-8450,NC
18/10/1976,236,Kathryn,Wilson,***-**-2007,AR
01/08/1976,107,Phillip,Hendrix,***-**-6652,MO
09/10/1992,93,Rita,Preston,***-**-9476,NE
06/01/1988,285,Denise,Sanchez,***-**-5787,VT
08/02/1991,395,David,Miller,***-**-7903,CO
26/07/1994,466,Ernest,Andersen,***-**-1379,ME
07/07/1992,384,Jenna,Sherman,***-**-1993,NV
29/04/1994,571,Scott,Brown,***-**-4845,MT
30/07/1977,550,James,Gonzalez,***-**-2786,TX
22/10/1990,436,Melinda,Kane,***-**-9785,MO
05/04/1994,89,Julie,Morales,***-**-7488,ID
09/05/1984,590,Eileen,Gordon,***-**-5114,ND
21/04/1976,573,Alyssa,Thornton,***-**-1585,NC
18/10/1990,650,Robin,Cannon,***-**-9335,UT
24/01/1978,10,Katherine,Fleming,***-**-7872,MI
23/04/1993,278,Megan,Salinas,***-**-7731,KY
06/12/1992,646,Jeffrey,Simpson,***-**-5146,PA
28/09/1988,301,Jeffrey,Hall,***-**-5374,NH
05/09/1974,367,Todd,Hughes,***-**-0046,KY
30/09/1979,194,Rachel,Dodson,***-**-8037,ID
10/10/1980,451,Tiffany,Smith,***-**-4269,OR
23/10/1981,163,Tracy,Gonzalez,***-**-9905,IL
27/06/1995,76,Cameron,Obrien,***-**-8830,WI
28/01/1993,211,Tony,Conner,***-**-3863,TX
03/07/1990,293,Scott,Giles,***-**-0498,TN
05/07/1973,340,Timothy,Long,***-**-4106,IN
06/08/1983,216,Kenneth,Thompson,***-**-7992,OK
06/10/1992,620,Brian,Jackson,***-**-3868,PA
30/10/1986,28,Kyle,Zhang,***-**-9420,PA
21/03/1976,170,Joseph,Evans,***-**-2470,ID
12/05/1995,447,Christopher,Hawkins,***-**-9289,NV
08/08/1991,505,Kristen,Boone,***-**-9563,NE
07/10/1983,382,Patricia,Stewart,***-**-3130,WI
07/08/1976,536,Karina,Rogers,***-**-0108,TN
19/04/1985,585,Steven,Keller,***-**-1613,TX
15/12/1989,349,Andrew,Cross,***-**-2807,OR
22/03/1985,75,Nicholas,Hill,***-**-3593,MD
09/11/1992,644,Brandon,Galloway,***-**-4305,FL
29/01/1974,153,Amanda,Manning,***-**-7564,MD
10/03/1976,302,Penny,Hines,***-**-4971,SD
22/05/1981,527,Kent,Smith,***-**-3089,PA
03/01/1991,454,Sarah,Ortega,***-**-3226,CA
20/09/1995,433,Jonathan,Ball,***-**-5738,TX
23/09/1983,7,Mary,Gomez,***-**-6347,MI
09/04/1979,465,Darren,Martin,***-**-7851,NH
28/07/1994,324,Tiffany,Moore,***-**-4470,MI
02/05/1994,41,Edwin,Rodriguez,***-**-7891,KY
10/12/1978,219,Michael,White,***-**-7808,RI
03/10/1978,256,Kirsten,Myers,***-**-9370,IL
28/04/1982,568,Denise,Ashley,***-**-3496,MD
07/11/1995,53,Colin,Baker,***-**-7262,DE
18/11/1980,152,John,James,***-**-1366,IA
16/10/1979,420,Scott,Gomez,***-**-0696,FL
07/12/1983,17,Daniel,Mcpherson,***-**-1278,FL
22/02/1995,239,Christopher,Greene,***-**-2707,AR
13/04/1977,138,Michael,Peterson,***-**-4791,NJ
08/06/1985,267,Nicole,Mason,***-**-1831,SD
01/03/1995,279,Bobby,Castillo,***-**-2861,NH
17/08/1993,359,David,Perez,***-**-2537,WV
10/12/1987,5,David,Perez,***-**-1080,CO
03/08/1978,462,Lisa,Ware,***-**-1016,NY
02/09/1978,139,Jeffrey,Snyder,***-**-8206,NC
20/05/1973,439,Levi,Brown,***-**-7569,NJ
27/02/1981,341,Angela,Oneal,***-**-6674,AL
23/11/1994,379,Lisa,Lin,***-**-5862,GA
19/02/1979,56,Tamara,Santiago,***-**-3197,WV
23/09/1995,14,Sarah,Solis,***-**-8001,IL
19/03/1977,300,Richard,Turner,***-**-3484,TX
10/11/1981,178,Angel,Mckee,***-**-8710,IL
11/01/1987,223,Suzanne,Holt,***-**-9176,NM
14/08/1975,222,Cathy,Gonzalez,***-**-4997,UT
11/08/1975,90,Mario,Schwartz,***-**-8542,MI
13/08/1994,607,Teresa,Tran,***-**-1690,DE
27/10/1995,512,Justin,Fry,***-**-7487,WI
23/01/1995,612,David,Goodwin,***-**-5040,ME
25/06/1986,364,Shirley,Rose,***-**-4896,CT
22/02/1986,158,Andrea,Mcdaniel,***-**-6741,RI
14/04/1975,587,Tanya,Parsons,***-**-9297,IA
30/09/1988,224,Robin,Daniels,***-**-9807,MO
13/11/1978,628,Megan,Lee,***-**-2608,ME
08/10/1983,32,Matthew,Scott,***-**-1670,WA
07/12/1973,149,Michael,Mccarthy,***-**-2599,DE
05/11/1981,528,Richard,Luna,***-**-5535,FL
10/12/1992,582,Joseph,Stafford,***-**-1426,MA
03/05/1992,319,Laura,Guerrero,***-**-1367,OK
17/06/1974,198,Timothy,Herman,***-**-3195,NH
14/05/1981,95,Miguel,Young,***-**-9792,WV
09/09/1983,249,Tina,Alexander,***-**-8512,ID
23/07/1975,57,Carlos,Burton,***-**-4834,NM
08/06/1988,559,Christopher,Ortiz,***-**-8634,VA
04/10/1977,133,Michael,Daugherty,***-**-5680,MT
08/06/1976,203,Joseph,Patel,***-**-5126,WI
24/09/1987,651,Jose,Cabrera,***-**-3119,UT
15/06/1989,151,James,Barker,***-**-7646,ID
25/09/1991,402,Stephanie,Russell,***-**-6524,ID
22/01/1994,254,Becky,Jackson,***-**-6252,RI
04/04/1987,404,Julia,Tucker,***-**-3936,ND
06/11/1986,121,Daniel,Bond,***-**-5828,GA
09/04/1992,611,James,Cabrera,***-**-8430,SC
20/05/1985,196,John,Arnold,***-**-9362,RI
04/10/1981,426,Chloe,Watkins,***-**-6443,NV
02/11/1989,614,Nicholas,Roberson,***-**-1523,OR
18/06/1990,565,Richard,Lewis,***-**-8560,CA
10/01/1975,548,William,Bailey,***-**-8728,AL
22/08/1977,162,Robert,Austin,***-**-2107,MA
12/08/1978,500,Sarah,Bennett,***-**-1595,WI
07/03/1993,312,Jessica,Greer,***-**-0640,MD
12/05/1986,490,Shane,Le,***-**-7748,CT
01/06/1994,492,Andrea,Osborne,***-**-3668,KY
28/01/1994,69,Kristopher,Carter,***-**-9599,PA
01/12/1989,519,Amanda,Rivers,***-**-5003,MT
28/08/1991,39,Robert,Foley,***-**-5267,AZ
18/12/1982,37,Wendy,Pugh,***-**-0168,LA
05/08/1981,558,Nicholas,Mccormick,***-**-3975,CT
04/07/1978,635,Brandon,Brown,***-**-5960,OR
16/10/1984,484,Madison,Sanchez,***-**-5705,IL
02/04/1991,3,Timothy,Garcia,***-**-2980,ID
07/05/1977,250,Jessica,Massey,***-**-2722,OR
25/05/1979,603,Maria,Wang,***-**-2465,ID
04/11/1979,244,Emily,Lopez,***-**-5059,MT
04/03/1979,193,Mckenzie,Thompson,***-**-7669,SC
19/06/1990,428,Paul,Long,***-**-2056,MI
06/04/1994,270,Christopher,Garcia,***-**-4425,NY
22/08/1992,346,Valerie,Smith,***-**-8806,OH
14/01/1978,307,Daniel,Escobar,***-**-9838,SC
24/08/1977,228,John,Leonard,***-**-2590,NV
19/11/1984,15,Paul,Myers,***-**-7619,WY
10/04/1980,197,Kenneth,Moore,***-**-3346,CT
26/12/1976,43,Kelsey,Gray,***-**-6391,NY
17/03/1976,101,Destiny,Le,***-**-6451,FL
29/01/1989,33,Steve,Todd,***-**-9250,IN
30/07/1989,117,Ryan,Griffin,***-**-3091,AL
07/07/1995,543,Joseph,Wright,***-**-8214,MS
01/12/1982,377,Nicholas,Cervantes,***-**-4635,MT
25/04/1983,110,Jennifer,Johnston,***-**-0928,MN
04/04/1992,315,Isaiah,Horton,***-**-2343,AZ
05/01/1991,161,John,Scott,***-**-5661,MS
10/09/1995,74,Charles,Deleon,***-**-7680,AL
02/02/1979,533,Briana,Kent,***-**-3256,SD
01/07/1987,358,Tanya,Carroll,***-**-6824,OH
04/11/1983,142,Maurice,Rivera,***-**-1932,VA
19/09/1981,599,Christopher,Harper,***-**-5369,KS
09/01/1977,257,Richard,Mitchell,***-**-4006,SD
18/01/1988,72,Maria,Melendez,***-**-9426,CT
10/09/1983,305,Holly,Hernandez,***-**-2553,MA
11/12/1978,112,James,Williams,***-**-7891,MI
10/01/1984,506,Mary,Sherman,***-**-6804,WA
11/08/1976,539,Samantha,Velasquez,***-**-0620,NY
19/12/1990,276,Matthew,Robinson,***-**-3455,GA
17/05/1980,209,Jose,Walker,***-**-0150,WA
15/02/1983,25,Amber,Flores,***-**-7294,OR
18/09/1978,338,Brandi,Morris,***-**-7710,HI
14/10/1977,34,Gary,Wong,***-**-0257,ND
27/11/1992,563,Erica,Ramos,***-**-2774,NE
05/04/1995,497,Haley,Lewis,***-**-8377,MO
21/06/1973,589,Richard,Webb,***-**-5748,SC
18/01/1977,372,Dennis,Watts,***-**-4589,MI
30/01/1987,624,Douglas,Davis,***-**-6476,ND
13/10/1993,287,Peter,Jones,***-**-2557,MI
02/01/1976,487,James,Simpson,***-**-3083,HI
14/03/1992,59,Megan,Johnson,***-**-5581,AZ
03/07/1978,187,Renee,Hansen,***-**-8415,CA
21/08/1982,68,Julia,Stanton,***-**-1383,AK
30/12/1982,172,Jenny,Wise,***-**-2991,WA
04/01/1987,334,Angela,Garza,***-**-6398,HI
29/06/1989,62,Kelly,Brown,***-**-3530,PA
25/07/1995,58,Randy,Singleton,***-**-1182,WI
19/08/1978,96,Autumn,Ayers,***-**-7230,CA
30/09/1981,225,Mallory,Lee,***-**-0450,CO
02/12/1983,610,Emily,Harrison,***-**-2173,NE
26/06/1984,605,Mitchell,Higgins,***-**-6680,IA
23/03/1990,637,Rebekah,Middleton,***-**-6839,MD
07/03/1994,71,Alexander,Wright,***-**-0669,HI
04/09/1988,504,Joshua,Mercado,***-**-1398,MI
30/03/1991,554,Michelle,Wright,***-**-8420,OH
15/01/1990,453,Todd,Berry,***-**-0987,RI
18/04/1994,634,Ellen,Wright,***-**-7226,VT
08/04/1985,188,Andrew,Nelson,***-**-6951,IN
27/05/1989,130,Janet,Richardson,***-**-8865,CA
20/04/1988,410,Timothy,Garcia,***-**-1434,NC
07/05/1986,430,Lisa,Howell,***-**-9720,DE
27/07/1973,282,Douglas,Morgan,***-**-2952,MO
17/04/1988,135,Wayne,Hamilton,***-**-4075,FL
29/06/1976,580,Frank,Arnold,***-**-4108,OR
22/04/1980,529,Jonathan,Kent,***-**-5081,WY
19/04/1978,140,Heather,Oliver,***-**-4941,FL
26/01/1983,556,Joshua,Boyd,***-**-9182,MA
11/01/1974,549,Debra,Davis,***-**-1182,NC
02/10/1979,613,Michael,Chang,***-**-5793,WI
09/07/1977,366,Haley,Miller,***-**-4288,FL
02/10/1980,371,Julie,Leon,***-**-3975,SD
25/04/1995,540,Chad,Young,***-**-0908,MA
30/08/1984,544,Tyler,Robles,***-**-1159,WI
22/05/1976,290,Angela,Walker,***-**-5354,VT
24/06/1982,82,Daniel,Pierce,***-**-6344,SC
13/02/1977,385,Amy,Cox,***-**-9584,TN
19/10/1976,335,Michael,Byrd,***-**-3969,ME
20/03/1991,569,William,Floyd,***-**-3863,SD
01/05/1973,331,Christina,Williams,***-**-3089,VT
15/02/1978,271,Heather,Phillips,***-**-2472,SD
03/12/1983,597,Edward,May,***-**-1390,NV
16/05/1993,368,Michael,Smith,***-**-7051,NY
05/12/1975,4,Stacy,Cantrell,***-**-8851,VT
18/09/1983,407,John,Norris,***-**-5612,IL
27/06/1974,289,Timothy,Hanson,***-**-0582,NM
21/06/1983,22,Melissa,Lara,***-**-3966,KY
16/12/1984,515,Amber,Orr,***-**-8995,SC
17/08/1973,339,Regina,Guerrero,***-**-0190,AZ
22/03/1976,373,Barbara,Stephens,***-**-7363,MO
29/07/1975,532,Glenn,Bonilla,***-**-2601,KS
09/10/1973,125,Joshua,Howard,***-**-1412,OR
27/08/1988,317,Gina,Chavez,***-**-8615,OK
01/04/1974,522,Laura,Martinez,***-**-0246,HI
01/11/1994,383,Arthur,Jones,***-**-7137,WV
21/09/1986,361,Maria,Green,***-**-7528,WI
20/10/1984,630,Christopher,Jackson,***-**-3581,MN
06/10/1988,226,Cassie,Wood,***-**-9393,OH
14/02/1977,234,Meredith,Rivera,***-**-8511,MN
09/05/1981,61,James,Gonzalez,***-**-6912,MD
24/03/1976,155,Michael,Smith,***-**-7791,AK
31/12/1982,542,Monica,Smith,***-**-2038,AL
19/10/1976,146,Rebecca,Gonzalez,***-**-2642,AR
19/01/1979,191,Eddie,Perez,***-**-8015,DE
02/02/1993,274,Taylor,White,***-**-9861,AR
08/06/1987,535,Bradley,Pruitt,***-**-3691,VT
10/12/1988,482,Jodi,Lee,***-**-4661,WA
06/10/1983,49,Tonya,Lowery,***-**-4101,ID
11/10/1974,1,Robert,Thompson,***-**-0990,WY
13/10/1982,557,Danielle,Neal,***-**-0937,GA
10/11/1977,496,Christina,Gray,***-**-5738,NM
28/01/1976,416,Kyle,Brooks,***-**-2897,NY
31/08/1980,247,Tanya,Ramirez,***-**-7226,GA
19/02/1983,199,Charles,Howard,***-**-1151,MA
23/07/1985,647,Elizabeth,Stevens,***-**-4152,WI
30/11/1989,572,Matthew,Smith,***-**-7506,AR
06/04/1988,180,Darryl,Hernandez,***-**-6629,NM
09/10/1986,212,Darren,Davis,***-**-1330,ND
10/02/1974,427,Michael,Baird,***-**-4310,MS
12/08/1979,283,Paul,Gonzalez,***-**-6986,ND
16/07/1989,514,James,Vasquez,***-**-8763,RI
29/03/1995,595,Thomas,Braun,***-**-6566,NY
20/07/1976,459,Joseph,Brown,***-**-2732,KS
24/04/1978,629,Luis,Molina,***-**-1239,MN
19/07/1985,288,Madison,Walker,***-**-4633,HI
14/11/1992,134,Robyn,Barnett,***-**-8095,IN
24/12/1983,237,John,Calhoun,***-**-2975,CA
31/01/1975,36,Tammy,Ramos,***-**-6313,MD
09/06/1979,309,Brandon,Mack,***-**-1260,AZ
27/09/1977,286,Mary,Fuller,***-**-3335,NC
14/12/1984,122,Leah,Boyd,***-**-5768,FL
27/09/1987,9,Samantha,Ellis,***-**-6847,IA
17/08/1976,160,Jane,Floyd,***-**-8781,MN
08/11/1988,91,Sherry,Parker,***-**-4776,OR
